station_id,station_name,station_latitude,station_longitude,trip_date,start_trips,end_trips,net_flow,neighborhood,borough
3166,Riverside Dr & W 72 St,40.780577990103339,-73.985624313354492,2015-11-06,65,60,-5,Upper West Side,Manhattan
3166,Riverside Dr & W 72 St,40.780577990103339,-73.985624313354492,2015-12-27,22,21,-1,Upper West Side,Manhattan
3166,Riverside Dr & W 72 St,40.780577990103339,-73.985624313354492,2015-09-21,15,39,24,Upper West Side,Manhattan
3166,Riverside Dr & W 72 St,40.780577990103339,-73.985624313354492,2015-10-06,87,87,0,Upper West Side,Manhattan
3166,Riverside Dr & W 72 St,40.780577990103339,-73.985624313354492,2015-11-04,56,53,-3,Upper West Side,Manhattan
3166,Riverside Dr & W 72 St,40.780577990103339,-73.985624313354492,2015-09-23,82,76,-6,Upper West Side,Manhattan
3166,Riverside Dr & W 72 St,40.780577990103339,-73.985624313354492,2015-12-05,47,40,-7,Upper West Side,Manhattan
3166,Riverside Dr & W 72 St,40.780577990103339,-73.985624313354492,2015-10-26,70,68,-2,Upper West Side,Manhattan
3166,Riverside Dr & W 72 St,40.780577990103339,-73.985624313354492,2015-11-03,66,65,-1,Upper West Side,Manhattan
3166,Riverside Dr & W 72 St,40.780577990103339,-73.985624313354492,2015-09-30,49,54,5,Upper West Side,Manhattan
3166,Riverside Dr & W 72 St,40.780577990103339,-73.985624313354492,2015-12-09,39,34,-5,Upper West Side,Manhattan
3166,Riverside Dr & W 72 St,40.780577990103339,-73.985624313354492,2015-12-31,12,16,4,Upper West Side,Manhattan
3166,Riverside Dr & W 72 St,40.780577990103339,-73.985624313354492,2015-10-08,77,80,3,Upper West Side,Manhattan
3166,Riverside Dr & W 72 St,40.780577990103339,-73.985624313354492,2015-11-13,36,41,5,Upper West Side,Manhattan
3166,Riverside Dr & W 72 St,40.780577990103339,-73.985624313354492,2015-09-26,119,110,-9,Upper West Side,Manhattan
233,Cadman Plaza W & Pierrepont St,40.694757013638771,-73.990527391433716,2015-08-15,16,42,26,Northwest Brooklyn,Brooklyn
233,Cadman Plaza W & Pierrepont St,40.694757013638771,-73.990527391433716,2015-05-17,14,19,5,Northwest Brooklyn,Brooklyn
233,Cadman Plaza W & Pierrepont St,40.694757013638771,-73.990527391433716,2015-07-07,19,4,-15,Northwest Brooklyn,Brooklyn
233,Cadman Plaza W & Pierrepont St,40.694757013638771,-73.990527391433716,2015-10-08,23,17,-6,Northwest Brooklyn,Brooklyn
233,Cadman Plaza W & Pierrepont St,40.694757013638771,-73.990527391433716,2015-05-28,23,13,-10,Northwest Brooklyn,Brooklyn
233,Cadman Plaza W & Pierrepont St,40.694757013638771,-73.990527391433716,2015-09-23,17,17,0,Northwest Brooklyn,Brooklyn
233,Cadman Plaza W & Pierrepont St,40.694757013638771,-73.990527391433716,2015-05-16,5,4,-1,Northwest Brooklyn,Brooklyn
233,Cadman Plaza W & Pierrepont St,40.694757013638771,-73.990527391433716,2015-04-01,43,32,-11,Northwest Brooklyn,Brooklyn
233,Cadman Plaza W & Pierrepont St,40.694757013638771,-73.990527391433716,2015-11-24,14,16,2,Northwest Brooklyn,Brooklyn
233,Cadman Plaza W & Pierrepont St,40.694757013638771,-73.990527391433716,2015-07-03,24,26,2,Northwest Brooklyn,Brooklyn
3223,E 55 St & 3 Ave,40.758996559605116,-73.968653976917267,2015-10-10,49,51,2,Gramercy Park and Murray Hill,Manhattan
3223,E 55 St & 3 Ave,40.758996559605116,-73.968653976917267,2015-12-04,93,92,-1,Gramercy Park and Murray Hill,Manhattan
3223,E 55 St & 3 Ave,40.758996559605116,-73.968653976917267,2015-12-12,44,41,-3,Gramercy Park and Murray Hill,Manhattan
3223,E 55 St & 3 Ave,40.758996559605116,-73.968653976917267,2015-12-09,86,89,3,Gramercy Park and Murray Hill,Manhattan
3223,E 55 St & 3 Ave,40.758996559605116,-73.968653976917267,2015-09-11,76,76,0,Gramercy Park and Murray Hill,Manhattan
3223,E 55 St & 3 Ave,40.758996559605116,-73.968653976917267,2015-09-25,123,123,0,Gramercy Park and Murray Hill,Manhattan
3223,E 55 St & 3 Ave,40.758996559605116,-73.968653976917267,2015-10-19,93,78,-15,Gramercy Park and Murray Hill,Manhattan
3223,E 55 St & 3 Ave,40.758996559605116,-73.968653976917267,2015-10-23,97,95,-2,Gramercy Park and Murray Hill,Manhattan
3223,E 55 St & 3 Ave,40.758996559605116,-73.968653976917267,2015-12-16,108,112,4,Gramercy Park and Murray Hill,Manhattan
3223,E 55 St & 3 Ave,40.758996559605116,-73.968653976917267,2015-09-09,97,80,-17,Gramercy Park and Murray Hill,Manhattan
3223,E 55 St & 3 Ave,40.758996559605116,-73.968653976917267,2015-10-21,108,109,1,Gramercy Park and Murray Hill,Manhattan
3223,E 55 St & 3 Ave,40.758996559605116,-73.968653976917267,2015-09-06,27,34,7,Gramercy Park and Murray Hill,Manhattan
3223,E 55 St & 3 Ave,40.758996559605116,-73.968653976917267,2015-12-25,25,24,-1,Gramercy Park and Murray Hill,Manhattan
3223,E 55 St & 3 Ave,40.758996559605116,-73.968653976917267,2015-08-31,80,58,-22,Gramercy Park and Murray Hill,Manhattan
3139,E 72 St & Park Ave,40.771182875406581,-73.964094221591949,2015-11-03,105,79,-26,Upper East Side,Manhattan
3139,E 72 St & Park Ave,40.771182875406581,-73.964094221591949,2015-12-21,52,26,-26,Upper East Side,Manhattan
3224,W 13 St & Hudson St,40.73997354103409,-74.005138725042343,2015-09-18,158,161,3,Greenwich Village and Soho,Manhattan
3224,W 13 St & Hudson St,40.73997354103409,-74.005138725042343,2015-09-15,152,154,2,Greenwich Village and Soho,Manhattan
3224,W 13 St & Hudson St,40.73997354103409,-74.005138725042343,2015-12-11,120,109,-11,Greenwich Village and Soho,Manhattan
3224,W 13 St & Hudson St,40.73997354103409,-74.005138725042343,2015-10-13,141,159,18,Greenwich Village and Soho,Manhattan
3224,W 13 St & Hudson St,40.73997354103409,-74.005138725042343,2015-10-27,132,131,-1,Greenwich Village and Soho,Manhattan
3224,W 13 St & Hudson St,40.73997354103409,-74.005138725042343,2015-12-15,109,96,-13,Greenwich Village and Soho,Manhattan
3224,W 13 St & Hudson St,40.73997354103409,-74.005138725042343,2015-11-16,104,100,-4,Greenwich Village and Soho,Manhattan
3224,W 13 St & Hudson St,40.73997354103409,-74.005138725042343,2015-12-26,40,46,6,Greenwich Village and Soho,Manhattan
3224,W 13 St & Hudson St,40.73997354103409,-74.005138725042343,2015-09-22,154,150,-4,Greenwich Village and Soho,Manhattan
3224,W 13 St & Hudson St,40.73997354103409,-74.005138725042343,2015-10-05,102,127,25,Greenwich Village and Soho,Manhattan
3224,W 13 St & Hudson St,40.73997354103409,-74.005138725042343,2015-09-21,162,164,2,Greenwich Village and Soho,Manhattan
3224,W 13 St & Hudson St,40.73997354103409,-74.005138725042343,2015-09-09,144,158,14,Greenwich Village and Soho,Manhattan
3224,W 13 St & Hudson St,40.73997354103409,-74.005138725042343,2015-11-06,137,147,10,Greenwich Village and Soho,Manhattan
3224,W 13 St & Hudson St,40.73997354103409,-74.005138725042343,2015-11-04,175,185,10,Greenwich Village and Soho,Manhattan
3224,W 13 St & Hudson St,40.73997354103409,-74.005138725042343,2015-11-21,75,84,9,Greenwich Village and Soho,Manhattan
3224,W 13 St & Hudson St,40.73997354103409,-74.005138725042343,2015-12-05,86,96,10,Greenwich Village and Soho,Manhattan
3224,W 13 St & Hudson St,40.73997354103409,-74.005138725042343,2015-11-29,65,76,11,Greenwich Village and Soho,Manhattan
3224,W 13 St & Hudson St,40.73997354103409,-74.005138725042343,2015-09-30,108,90,-18,Greenwich Village and Soho,Manhattan
3224,W 13 St & Hudson St,40.73997354103409,-74.005138725042343,2015-10-16,127,139,12,Greenwich Village and Soho,Manhattan
3224,W 13 St & Hudson St,40.73997354103409,-74.005138725042343,2015-10-29,161,146,-15,Greenwich Village and Soho,Manhattan
3224,W 13 St & Hudson St,40.73997354103409,-74.005138725042343,2015-11-28,34,54,20,Greenwich Village and Soho,Manhattan
3224,W 13 St & Hudson St,40.73997354103409,-74.005138725042343,2015-09-14,145,146,1,Greenwich Village and Soho,Manhattan
3224,W 13 St & Hudson St,40.73997354103409,-74.005138725042343,2015-10-01,72,85,13,Greenwich Village and Soho,Manhattan
521,8 Ave & W 31 St,40.750967348715982,-73.994442075490952,2015-11-30,160,193,33,Chelsea and Clinton,Manhattan
521,8 Ave & W 31 St,40.750967348715982,-73.994442075490952,2015-05-29,664,475,-189,Chelsea and Clinton,Manhattan
521,8 Ave & W 31 St,40.750967348715982,-73.994442075490952,2015-07-16,609,481,-128,Chelsea and Clinton,Manhattan
521,8 Ave & W 31 St,40.750967348715982,-73.994442075490952,2015-09-23,708,507,-201,Chelsea and Clinton,Manhattan
521,8 Ave & W 31 St,40.750967348715982,-73.994442075490952,2015-04-23,289,272,-17,Chelsea and Clinton,Manhattan
521,8 Ave & W 31 St,40.750967348715982,-73.994442075490952,2015-05-28,616,420,-196,Chelsea and Clinton,Manhattan
521,8 Ave & W 31 St,40.750967348715982,-73.994442075490952,2015-05-25,189,144,-45,Chelsea and Clinton,Manhattan
521,8 Ave & W 31 St,40.750967348715982,-73.994442075490952,2015-08-05,644,504,-140,Chelsea and Clinton,Manhattan
521,8 Ave & W 31 St,40.750967348715982,-73.994442075490952,2015-07-13,582,435,-147,Chelsea and Clinton,Manhattan
521,8 Ave & W 31 St,40.750967348715982,-73.994442075490952,2015-04-28,402,375,-27,Chelsea and Clinton,Manhattan
521,8 Ave & W 31 St,40.750967348715982,-73.994442075490952,2015-09-24,814,664,-150,Chelsea and Clinton,Manhattan
521,8 Ave & W 31 St,40.750967348715982,-73.994442075490952,2015-08-20,634,470,-164,Chelsea and Clinton,Manhattan
521,8 Ave & W 31 St,40.750967348715982,-73.994442075490952,2015-11-06,250,261,11,Chelsea and Clinton,Manhattan
521,8 Ave & W 31 St,40.750967348715982,-73.994442075490952,2015-09-29,527,480,-47,Chelsea and Clinton,Manhattan
521,8 Ave & W 31 St,40.750967348715982,-73.994442075490952,2015-04-19,112,105,-7,Chelsea and Clinton,Manhattan
521,8 Ave & W 31 St,40.750967348715982,-73.994442075490952,2015-07-29,687,454,-233,Chelsea and Clinton,Manhattan
521,8 Ave & W 31 St,40.750967348715982,-73.994442075490952,2015-05-21,565,463,-102,Chelsea and Clinton,Manhattan
521,8 Ave & W 31 St,40.750967348715982,-73.994442075490952,2015-10-20,262,265,3,Chelsea and Clinton,Manhattan
521,8 Ave & W 31 St,40.750967348715982,-73.994442075490952,2015-08-01,175,148,-27,Chelsea and Clinton,Manhattan
521,8 Ave & W 31 St,40.750967348715982,-73.994442075490952,2015-04-08,233,185,-48,Chelsea and Clinton,Manhattan
521,8 Ave & W 31 St,40.750967348715982,-73.994442075490952,2015-07-14,562,431,-131,Chelsea and Clinton,Manhattan
521,8 Ave & W 31 St,40.750967348715982,-73.994442075490952,2015-04-14,320,281,-39,Chelsea and Clinton,Manhattan
521,8 Ave & W 31 St,40.750967348715982,-73.994442075490952,2015-05-06,462,383,-79,Chelsea and Clinton,Manhattan
521,8 Ave & W 31 St,40.750967348715982,-73.994442075490952,2015-12-24,111,112,1,Chelsea and Clinton,Manhattan
521,8 Ave & W 31 St,40.750967348715982,-73.994442075490952,2015-05-13,598,435,-163,Chelsea and Clinton,Manhattan
521,8 Ave & W 31 St,40.750967348715982,-73.994442075490952,2015-04-29,423,362,-61,Chelsea and Clinton,Manhattan
521,8 Ave & W 31 St,40.750967348715982,-73.994442075490952,2015-11-19,149,133,-16,Chelsea and Clinton,Manhattan
521,8 Ave & W 31 St,40.750967348715982,-73.994442075490952,2015-12-31,119,116,-3,Chelsea and Clinton,Manhattan
521,8 Ave & W 31 St,40.750967348715982,-73.994442075490952,2015-05-30,164,151,-13,Chelsea and Clinton,Manhattan
521,8 Ave & W 31 St,40.750967348715982,-73.994442075490952,2015-08-19,570,469,-101,Chelsea and Clinton,Manhattan
521,8 Ave & W 31 St,40.750967348715982,-73.994442075490952,2015-09-05,157,157,0,Chelsea and Clinton,Manhattan
521,8 Ave & W 31 St,40.750967348715982,-73.994442075490952,2015-09-14,578,467,-111,Chelsea and Clinton,Manhattan
521,8 Ave & W 31 St,40.750967348715982,-73.994442075490952,2015-11-17,219,211,-8,Chelsea and Clinton,Manhattan
521,8 Ave & W 31 St,40.750967348715982,-73.994442075490952,2015-04-21,290,290,0,Chelsea and Clinton,Manhattan
521,8 Ave & W 31 St,40.750967348715982,-73.994442075490952,2015-11-10,129,126,-3,Chelsea and Clinton,Manhattan
521,8 Ave & W 31 St,40.750967348715982,-73.994442075490952,2015-10-11,183,188,5,Chelsea and Clinton,Manhattan
521,8 Ave & W 31 St,40.750967348715982,-73.994442075490952,2015-08-28,619,483,-136,Chelsea and Clinton,Manhattan
521,8 Ave & W 31 St,40.750967348715982,-73.994442075490952,2015-05-05,486,395,-91,Chelsea and Clinton,Manhattan
521,8 Ave & W 31 St,40.750967348715982,-73.994442075490952,2015-05-22,515,380,-135,Chelsea and Clinton,Manhattan
521,8 Ave & W 31 St,40.750967348715982,-73.994442075490952,2015-12-12,147,153,6,Chelsea and Clinton,Manhattan
521,8 Ave & W 31 St,40.750967348715982,-73.994442075490952,2015-10-12,209,229,20,Chelsea and Clinton,Manhattan
521,8 Ave & W 31 St,40.750967348715982,-73.994442075490952,2015-11-16,239,247,8,Chelsea and Clinton,Manhattan
521,8 Ave & W 31 St,40.750967348715982,-73.994442075490952,2015-12-14,195,209,14,Chelsea and Clinton,Manhattan
521,8 Ave & W 31 St,40.750967348715982,-73.994442075490952,2015-04-20,69,118,49,Chelsea and Clinton,Manhattan
521,8 Ave & W 31 St,40.750967348715982,-73.994442075490952,2015-11-15,138,148,10,Chelsea and Clinton,Manhattan
2003,1 Ave & E 18 St,40.733812191966315,-73.980544209480286,2015-10-06,166,168,2,Lower East Side,Manhattan
2003,1 Ave & E 18 St,40.733812191966315,-73.980544209480286,2015-11-02,103,126,23,Lower East Side,Manhattan
2003,1 Ave & E 18 St,40.733812191966315,-73.980544209480286,2015-09-23,152,152,0,Lower East Side,Manhattan
2003,1 Ave & E 18 St,40.733812191966315,-73.980544209480286,2015-10-24,116,88,-28,Lower East Side,Manhattan
2003,1 Ave & E 18 St,40.733812191966315,-73.980544209480286,2015-11-06,135,156,21,Lower East Side,Manhattan
2003,1 Ave & E 18 St,40.733812191966315,-73.980544209480286,2015-11-13,125,124,-1,Lower East Side,Manhattan
2003,1 Ave & E 18 St,40.733812191966315,-73.980544209480286,2015-07-13,102,123,21,Lower East Side,Manhattan
2003,1 Ave & E 18 St,40.733812191966315,-73.980544209480286,2015-11-09,89,114,25,Lower East Side,Manhattan
2003,1 Ave & E 18 St,40.733812191966315,-73.980544209480286,2015-10-17,106,116,10,Lower East Side,Manhattan
2003,1 Ave & E 18 St,40.733812191966315,-73.980544209480286,2015-08-22,126,94,-32,Lower East Side,Manhattan
2003,1 Ave & E 18 St,40.733812191966315,-73.980544209480286,2015-11-16,95,123,28,Lower East Side,Manhattan
2003,1 Ave & E 18 St,40.733812191966315,-73.980544209480286,2015-08-17,119,140,21,Lower East Side,Manhattan
2003,1 Ave & E 18 St,40.733812191966315,-73.980544209480286,2015-05-28,86,107,21,Lower East Side,Manhattan
2003,1 Ave & E 18 St,40.733812191966315,-73.980544209480286,2015-09-15,139,138,-1,Lower East Side,Manhattan
2003,1 Ave & E 18 St,40.733812191966315,-73.980544209480286,2015-05-25,81,91,10,Lower East Side,Manhattan
2003,1 Ave & E 18 St,40.733812191966315,-73.980544209480286,2015-09-12,140,112,-28,Lower East Side,Manhattan
2003,1 Ave & E 18 St,40.733812191966315,-73.980544209480286,2015-11-24,118,119,1,Lower East Side,Manhattan
2003,1 Ave & E 18 St,40.733812191966315,-73.980544209480286,2015-11-17,131,129,-2,Lower East Side,Manhattan
2003,1 Ave & E 18 St,40.733812191966315,-73.980544209480286,2015-10-01,118,114,-4,Lower East Side,Manhattan
2003,1 Ave & E 18 St,40.733812191966315,-73.980544209480286,2015-08-11,89,89,0,Lower East Side,Manhattan
2003,1 Ave & E 18 St,40.733812191966315,-73.980544209480286,2015-11-03,119,118,-1,Lower East Side,Manhattan
2003,1 Ave & E 18 St,40.733812191966315,-73.980544209480286,2015-08-28,136,128,-8,Lower East Side,Manhattan
2003,1 Ave & E 18 St,40.733812191966315,-73.980544209480286,2015-11-29,84,84,0,Lower East Side,Manhattan
2003,1 Ave & E 18 St,40.733812191966315,-73.980544209480286,2015-10-28,72,80,8,Lower East Side,Manhattan
2003,1 Ave & E 18 St,40.733812191966315,-73.980544209480286,2015-09-27,144,146,2,Lower East Side,Manhattan
2003,1 Ave & E 18 St,40.733812191966315,-73.980544209480286,2015-10-18,99,99,0,Lower East Side,Manhattan
2003,1 Ave & E 18 St,40.733812191966315,-73.980544209480286,2015-10-20,135,137,2,Lower East Side,Manhattan
2003,1 Ave & E 18 St,40.733812191966315,-73.980544209480286,2015-10-21,114,133,19,Lower East Side,Manhattan
2003,1 Ave & E 18 St,40.733812191966315,-73.980544209480286,2015-08-10,107,120,13,Lower East Side,Manhattan
2003,1 Ave & E 18 St,40.733812191966315,-73.980544209480286,2015-11-10,73,84,11,Lower East Side,Manhattan
2003,1 Ave & E 18 St,40.733812191966315,-73.980544209480286,2015-09-28,130,148,18,Lower East Side,Manhattan
2003,1 Ave & E 18 St,40.733812191966315,-73.980544209480286,2015-07-02,121,111,-10,Lower East Side,Manhattan
2003,1 Ave & E 18 St,40.733812191966315,-73.980544209480286,2015-12-07,101,120,19,Lower East Side,Manhattan
2003,1 Ave & E 18 St,40.733812191966315,-73.980544209480286,2015-08-15,123,108,-15,Lower East Side,Manhattan
3133,E 67 St & Lexington Ave,40.767342591432168,-73.9648586511612,2015-09-18,120,87,-33,Upper East Side,Manhattan
3133,E 67 St & Lexington Ave,40.767342591432168,-73.9648586511612,2015-09-05,155,156,1,Upper East Side,Manhattan
540,Lexington Ave & E 29 St,40.743115553764859,-73.982153534889221,2015-08-08,69,76,7,Gramercy Park and Murray Hill,Manhattan
540,Lexington Ave & E 29 St,40.743115553764859,-73.982153534889221,2015-10-02,38,26,-12,Gramercy Park and Murray Hill,Manhattan
540,Lexington Ave & E 29 St,40.743115553764859,-73.982153534889221,2015-08-23,76,78,2,Gramercy Park and Murray Hill,Manhattan
540,Lexington Ave & E 29 St,40.743115553764859,-73.982153534889221,2015-12-31,84,93,9,Gramercy Park and Murray Hill,Manhattan
540,Lexington Ave & E 29 St,40.743115553764859,-73.982153534889221,2015-10-30,149,149,0,Gramercy Park and Murray Hill,Manhattan
540,Lexington Ave & E 29 St,40.743115553764859,-73.982153534889221,2015-09-29,153,159,6,Gramercy Park and Murray Hill,Manhattan
540,Lexington Ave & E 29 St,40.743115553764859,-73.982153534889221,2015-09-03,152,155,3,Gramercy Park and Murray Hill,Manhattan
540,Lexington Ave & E 29 St,40.743115553764859,-73.982153534889221,2015-10-08,189,183,-6,Gramercy Park and Murray Hill,Manhattan
540,Lexington Ave & E 29 St,40.743115553764859,-73.982153534889221,2015-11-25,90,87,-3,Gramercy Park and Murray Hill,Manhattan
540,Lexington Ave & E 29 St,40.743115553764859,-73.982153534889221,2015-09-30,141,137,-4,Gramercy Park and Murray Hill,Manhattan
540,Lexington Ave & E 29 St,40.743115553764859,-73.982153534889221,2015-09-16,162,173,11,Gramercy Park and Murray Hill,Manhattan
540,Lexington Ave & E 29 St,40.743115553764859,-73.982153534889221,2015-10-22,187,186,-1,Gramercy Park and Murray Hill,Manhattan
540,Lexington Ave & E 29 St,40.743115553764859,-73.982153534889221,2015-10-20,153,138,-15,Gramercy Park and Murray Hill,Manhattan
540,Lexington Ave & E 29 St,40.743115553764859,-73.982153534889221,2015-08-31,153,142,-11,Gramercy Park and Murray Hill,Manhattan
540,Lexington Ave & E 29 St,40.743115553764859,-73.982153534889221,2015-11-30,99,107,8,Gramercy Park and Murray Hill,Manhattan
540,Lexington Ave & E 29 St,40.743115553764859,-73.982153534889221,2015-12-10,153,148,-5,Gramercy Park and Murray Hill,Manhattan
540,Lexington Ave & E 29 St,40.743115553764859,-73.982153534889221,2015-10-07,179,179,0,Gramercy Park and Murray Hill,Manhattan
540,Lexington Ave & E 29 St,40.743115553764859,-73.982153534889221,2015-09-25,169,165,-4,Gramercy Park and Murray Hill,Manhattan
540,Lexington Ave & E 29 St,40.743115553764859,-73.982153534889221,2015-09-08,166,148,-18,Gramercy Park and Murray Hill,Manhattan
540,Lexington Ave & E 29 St,40.743115553764859,-73.982153534889221,2015-11-14,68,73,5,Gramercy Park and Murray Hill,Manhattan
540,Lexington Ave & E 29 St,40.743115553764859,-73.982153534889221,2015-12-08,138,133,-5,Gramercy Park and Murray Hill,Manhattan
540,Lexington Ave & E 29 St,40.743115553764859,-73.982153534889221,2015-08-13,139,125,-14,Gramercy Park and Murray Hill,Manhattan
540,Lexington Ave & E 29 St,40.743115553764859,-73.982153534889221,2015-08-10,114,100,-14,Gramercy Park and Murray Hill,Manhattan
540,Lexington Ave & E 29 St,40.743115553764859,-73.982153534889221,2015-11-11,149,150,1,Gramercy Park and Murray Hill,Manhattan
540,Lexington Ave & E 29 St,40.743115553764859,-73.982153534889221,2015-09-06,80,85,5,Gramercy Park and Murray Hill,Manhattan
540,Lexington Ave & E 29 St,40.743115553764859,-73.982153534889221,2015-12-19,68,52,-16,Gramercy Park and Murray Hill,Manhattan
540,Lexington Ave & E 29 St,40.743115553764859,-73.982153534889221,2015-11-01,112,109,-3,Gramercy Park and Murray Hill,Manhattan
540,Lexington Ave & E 29 St,40.743115553764859,-73.982153534889221,2015-10-21,163,155,-8,Gramercy Park and Murray Hill,Manhattan
540,Lexington Ave & E 29 St,40.743115553764859,-73.982153534889221,2015-12-13,99,94,-5,Gramercy Park and Murray Hill,Manhattan
540,Lexington Ave & E 29 St,40.743115553764859,-73.982153534889221,2015-09-04,129,118,-11,Gramercy Park and Murray Hill,Manhattan
540,Lexington Ave & E 29 St,40.743115553764859,-73.982153534889221,2015-12-04,130,131,1,Gramercy Park and Murray Hill,Manhattan
3231,E 67 St & Park Ave,40.767800801481322,-73.965920805931091,2015-12-11,70,71,1,Upper East Side,Manhattan
3231,E 67 St & Park Ave,40.767800801481322,-73.965920805931091,2015-09-29,142,126,-16,Upper East Side,Manhattan
3231,E 67 St & Park Ave,40.767800801481322,-73.965920805931091,2015-10-04,45,36,-9,Upper East Side,Manhattan
3231,E 67 St & Park Ave,40.767800801481322,-73.965920805931091,2015-10-12,81,80,-1,Upper East Side,Manhattan
3231,E 67 St & Park Ave,40.767800801481322,-73.965920805931091,2015-10-19,84,81,-3,Upper East Side,Manhattan
3231,E 67 St & Park Ave,40.767800801481322,-73.965920805931091,2015-11-23,58,58,0,Upper East Side,Manhattan
3231,E 67 St & Park Ave,40.767800801481322,-73.965920805931091,2015-09-28,147,133,-14,Upper East Side,Manhattan
3231,E 67 St & Park Ave,40.767800801481322,-73.965920805931091,2015-12-07,69,66,-3,Upper East Side,Manhattan
3231,E 67 St & Park Ave,40.767800801481322,-73.965920805931091,2015-09-30,101,83,-18,Upper East Side,Manhattan
3231,E 67 St & Park Ave,40.767800801481322,-73.965920805931091,2015-10-09,53,79,26,Upper East Side,Manhattan
3231,E 67 St & Park Ave,40.767800801481322,-73.965920805931091,2015-11-16,93,87,-6,Upper East Side,Manhattan
3231,E 67 St & Park Ave,40.767800801481322,-73.965920805931091,2015-11-08,51,48,-3,Upper East Side,Manhattan
3231,E 67 St & Park Ave,40.767800801481322,-73.965920805931091,2015-10-26,94,90,-4,Upper East Side,Manhattan
151,Cleveland Pl & Spring St,40.722103786686034,-73.997249007225037,2015-10-08,296,295,-1,Greenwich Village and Soho,Manhattan
151,Cleveland Pl & Spring St,40.722103786686034,-73.997249007225037,2015-10-07,279,282,3,Greenwich Village and Soho,Manhattan
151,Cleveland Pl & Spring St,40.722103786686034,-73.997249007225037,2015-12-22,147,145,-2,Greenwich Village and Soho,Manhattan
151,Cleveland Pl & Spring St,40.722103786686034,-73.997249007225037,2015-10-30,261,260,-1,Greenwich Village and Soho,Manhattan
151,Cleveland Pl & Spring St,40.722103786686034,-73.997249007225037,2015-10-21,299,303,4,Greenwich Village and Soho,Manhattan
151,Cleveland Pl & Spring St,40.722103786686034,-73.997249007225037,2015-11-10,113,103,-10,Greenwich Village and Soho,Manhattan
151,Cleveland Pl & Spring St,40.722103786686034,-73.997249007225037,2015-12-21,204,197,-7,Greenwich Village and Soho,Manhattan
151,Cleveland Pl & Spring St,40.722103786686034,-73.997249007225037,2015-10-19,214,228,14,Greenwich Village and Soho,Manhattan
151,Cleveland Pl & Spring St,40.722103786686034,-73.997249007225037,2015-11-08,230,223,-7,Greenwich Village and Soho,Manhattan
151,Cleveland Pl & Spring St,40.722103786686034,-73.997249007225037,2015-11-05,251,256,5,Greenwich Village and Soho,Manhattan
151,Cleveland Pl & Spring St,40.722103786686034,-73.997249007225037,2015-12-24,136,129,-7,Greenwich Village and Soho,Manhattan
151,Cleveland Pl & Spring St,40.722103786686034,-73.997249007225037,2015-12-07,194,182,-12,Greenwich Village and Soho,Manhattan
151,Cleveland Pl & Spring St,40.722103786686034,-73.997249007225037,2015-11-19,105,129,24,Greenwich Village and Soho,Manhattan
151,Cleveland Pl & Spring St,40.722103786686034,-73.997249007225037,2015-12-23,77,87,10,Greenwich Village and Soho,Manhattan
3165,Central Park West & W 72 St,40.775793766836657,-73.9762057363987,2015-10-29,169,156,-13,Upper West Side,Manhattan
3165,Central Park West & W 72 St,40.775793766836657,-73.9762057363987,2015-12-16,39,44,5,Upper West Side,Manhattan
3165,Central Park West & W 72 St,40.775793766836657,-73.9762057363987,2015-10-07,160,140,-20,Upper West Side,Manhattan
3165,Central Park West & W 72 St,40.775793766836657,-73.9762057363987,2015-12-15,44,42,-2,Upper West Side,Manhattan
3222,Hanson Pl & St Felix St,40.685159599891776,-73.977113664150238,2015-09-21,90,80,-10,Northwest Brooklyn,Brooklyn
3222,Hanson Pl & St Felix St,40.685159599891776,-73.977113664150238,2015-09-16,60,74,14,Northwest Brooklyn,Brooklyn
3222,Hanson Pl & St Felix St,40.685159599891776,-73.977113664150238,2015-10-05,62,66,4,Northwest Brooklyn,Brooklyn
3222,Hanson Pl & St Felix St,40.685159599891776,-73.977113664150238,2015-12-14,59,66,7,Northwest Brooklyn,Brooklyn
3222,Hanson Pl & St Felix St,40.685159599891776,-73.977113664150238,2015-10-26,66,85,19,Northwest Brooklyn,Brooklyn
3222,Hanson Pl & St Felix St,40.685159599891776,-73.977113664150238,2015-09-09,83,69,-14,Northwest Brooklyn,Brooklyn
3222,Hanson Pl & St Felix St,40.685159599891776,-73.977113664150238,2015-09-08,74,72,-2,Northwest Brooklyn,Brooklyn
3222,Hanson Pl & St Felix St,40.685159599891776,-73.977113664150238,2015-10-20,91,81,-10,Northwest Brooklyn,Brooklyn
3222,Hanson Pl & St Felix St,40.685159599891776,-73.977113664150238,2015-10-28,47,41,-6,Northwest Brooklyn,Brooklyn
3222,Hanson Pl & St Felix St,40.685159599891776,-73.977113664150238,2015-12-17,48,43,-5,Northwest Brooklyn,Brooklyn
3222,Hanson Pl & St Felix St,40.685159599891776,-73.977113664150238,2015-11-20,62,68,6,Northwest Brooklyn,Brooklyn
3222,Hanson Pl & St Felix St,40.685159599891776,-73.977113664150238,2015-08-31,47,60,13,Northwest Brooklyn,Brooklyn
3222,Hanson Pl & St Felix St,40.685159599891776,-73.977113664150238,2015-11-08,26,34,8,Northwest Brooklyn,Brooklyn
3222,Hanson Pl & St Felix St,40.685159599891776,-73.977113664150238,2015-11-15,31,36,5,Northwest Brooklyn,Brooklyn
3222,Hanson Pl & St Felix St,40.685159599891776,-73.977113664150238,2015-09-06,41,43,2,Northwest Brooklyn,Brooklyn
3222,Hanson Pl & St Felix St,40.685159599891776,-73.977113664150238,2015-11-26,20,15,-5,Northwest Brooklyn,Brooklyn
3222,Hanson Pl & St Felix St,40.685159599891776,-73.977113664150238,2015-11-01,35,32,-3,Northwest Brooklyn,Brooklyn
3222,Hanson Pl & St Felix St,40.685159599891776,-73.977113664150238,2015-11-23,67,58,-9,Northwest Brooklyn,Brooklyn
3222,Hanson Pl & St Felix St,40.685159599891776,-73.977113664150238,2015-10-19,56,63,7,Northwest Brooklyn,Brooklyn
3222,Hanson Pl & St Felix St,40.685159599891776,-73.977113664150238,2015-12-15,80,74,-6,Northwest Brooklyn,Brooklyn
3232,Bond St & Fulton St,40.689621887903328,-73.983042687177658,2015-12-18,12,7,-5,Northwest Brooklyn,Brooklyn
3232,Bond St & Fulton St,40.689621887903328,-73.983042687177658,2015-11-01,24,25,1,Northwest Brooklyn,Brooklyn
3232,Bond St & Fulton St,40.689621887903328,-73.983042687177658,2015-12-28,10,12,2,Northwest Brooklyn,Brooklyn
3232,Bond St & Fulton St,40.689621887903328,-73.983042687177658,2015-10-11,38,31,-7,Northwest Brooklyn,Brooklyn
3232,Bond St & Fulton St,40.689621887903328,-73.983042687177658,2015-12-26,11,16,5,Northwest Brooklyn,Brooklyn
3232,Bond St & Fulton St,40.689621887903328,-73.983042687177658,2015-12-13,11,11,0,Northwest Brooklyn,Brooklyn
3232,Bond St & Fulton St,40.689621887903328,-73.983042687177658,2015-11-25,7,7,0,Northwest Brooklyn,Brooklyn
293,Lafayette St & E 8 St,40.73028666,-73.9907647,2015-10-15,430,450,20,Lower East Side,Manhattan
293,Lafayette St & E 8 St,40.73028666,-73.9907647,2015-07-27,413,392,-21,Lower East Side,Manhattan
293,Lafayette St & E 8 St,40.73028666,-73.9907647,2014-08-06,374,347,-27,Lower East Side,Manhattan
293,Lafayette St & E 8 St,40.73028666,-73.9907647,2015-07-17,415,407,-8,Lower East Side,Manhattan
293,Lafayette St & E 8 St,40.73028666,-73.9907647,2015-03-18,131,138,7,Lower East Side,Manhattan
293,Lafayette St & E 8 St,40.73028666,-73.9907647,2015-12-06,215,218,3,Lower East Side,Manhattan
293,Lafayette St & E 8 St,40.73028666,-73.9907647,2015-04-30,291,281,-10,Lower East Side,Manhattan
293,Lafayette St & E 8 St,40.73028666,-73.9907647,2014-09-26,358,388,30,Lower East Side,Manhattan
293,Lafayette St & E 8 St,40.73028666,-73.9907647,2014-09-16,321,261,-60,Lower East Side,Manhattan
293,Lafayette St & E 8 St,40.73028666,-73.9907647,2014-09-02,392,325,-67,Lower East Side,Manhattan
293,Lafayette St & E 8 St,40.73028666,-73.9907647,2015-11-04,470,420,-50,Lower East Side,Manhattan
293,Lafayette St & E 8 St,40.73028666,-73.9907647,2015-11-13,310,315,5,Lower East Side,Manhattan
293,Lafayette St & E 8 St,40.73028666,-73.9907647,2015-10-16,445,439,-6,Lower East Side,Manhattan
293,Lafayette St & E 8 St,40.73028666,-73.9907647,2015-11-30,308,305,-3,Lower East Side,Manhattan
293,Lafayette St & E 8 St,40.73028666,-73.9907647,2015-07-10,357,347,-10,Lower East Side,Manhattan
293,Lafayette St & E 8 St,40.73028666,-73.9907647,2014-07-03,286,301,15,Lower East Side,Manhattan
293,Lafayette St & E 8 St,40.73028666,-73.9907647,2014-02-16,69,62,-7,Lower East Side,Manhattan
293,Lafayette St & E 8 St,40.73028666,-73.9907647,2015-03-30,219,219,0,Lower East Side,Manhattan
293,Lafayette St & E 8 St,40.73028666,-73.9907647,2014-01-20,155,148,-7,Lower East Side,Manhattan
293,Lafayette St & E 8 St,40.73028666,-73.9907647,2014-07-24,350,335,-15,Lower East Side,Manhattan
293,Lafayette St & E 8 St,40.73028666,-73.9907647,2014-08-15,373,370,-3,Lower East Side,Manhattan
293,Lafayette St & E 8 St,40.73028666,-73.9907647,2015-06-07,291,282,-9,Lower East Side,Manhattan
293,Lafayette St & E 8 St,40.73028666,-73.9907647,2014-05-08,215,200,-15,Lower East Side,Manhattan
293,Lafayette St & E 8 St,40.73028666,-73.9907647,2015-08-05,411,383,-28,Lower East Side,Manhattan
293,Lafayette St & E 8 St,40.73028666,-73.9907647,2014-05-09,238,235,-3,Lower East Side,Manhattan
293,Lafayette St & E 8 St,40.73028666,-73.9907647,2015-06-09,381,381,0,Lower East Side,Manhattan
293,Lafayette St & E 8 St,40.73028666,-73.9907647,2015-03-13,160,176,16,Lower East Side,Manhattan
293,Lafayette St & E 8 St,40.73028666,-73.9907647,2014-10-13,151,152,1,Lower East Side,Manhattan
293,Lafayette St & E 8 St,40.73028666,-73.9907647,2014-05-27,341,312,-29,Lower East Side,Manhattan
293,Lafayette St & E 8 St,40.73028666,-73.9907647,2015-03-26,175,180,5,Lower East Side,Manhattan
293,Lafayette St & E 8 St,40.73028666,-73.9907647,2015-05-02,249,260,11,Lower East Side,Manhattan
293,Lafayette St & E 8 St,40.73028666,-73.9907647,2014-05-05,351,293,-58,Lower East Side,Manhattan
293,Lafayette St & E 8 St,40.73028666,-73.9907647,2014-05-04,249,212,-37,Lower East Side,Manhattan
293,Lafayette St & E 8 St,40.73028666,-73.9907647,2015-01-05,148,125,-23,Lower East Side,Manhattan
293,Lafayette St & E 8 St,40.73028666,-73.9907647,2014-09-07,284,268,-16,Lower East Side,Manhattan
293,Lafayette St & E 8 St,40.73028666,-73.9907647,2014-09-24,390,387,-3,Lower East Side,Manhattan
293,Lafayette St & E 8 St,40.73028666,-73.9907647,2014-09-06,272,282,10,Lower East Side,Manhattan
293,Lafayette St & E 8 St,40.73028666,-73.9907647,2015-06-03,379,346,-33,Lower East Side,Manhattan
293,Lafayette St & E 8 St,40.73028666,-73.9907647,2015-05-18,331,341,10,Lower East Side,Manhattan
293,Lafayette St & E 8 St,40.73028666,-73.9907647,2014-09-28,254,234,-20,Lower East Side,Manhattan
293,Lafayette St & E 8 St,40.73028666,-73.9907647,2015-08-12,422,396,-26,Lower East Side,Manhattan
293,Lafayette St & E 8 St,40.73028666,-73.9907647,2015-07-01,353,352,-1,Lower East Side,Manhattan
293,Lafayette St & E 8 St,40.73028666,-73.9907647,2015-03-03,51,84,33,Lower East Side,Manhattan
293,Lafayette St & E 8 St,40.73028666,-73.9907647,2014-07-30,360,333,-27,Lower East Side,Manhattan
293,Lafayette St & E 8 St,40.73028666,-73.9907647,2014-04-28,317,310,-7,Lower East Side,Manhattan
293,Lafayette St & E 8 St,40.73028666,-73.9907647,2015-07-29,382,403,21,Lower East Side,Manhattan
293,Lafayette St & E 8 St,40.73028666,-73.9907647,2014-06-29,270,260,-10,Lower East Side,Manhattan
293,Lafayette St & E 8 St,40.73028666,-73.9907647,2015-12-11,340,351,11,Lower East Side,Manhattan
293,Lafayette St & E 8 St,40.73028666,-73.9907647,2014-06-09,218,196,-22,Lower East Side,Manhattan
293,Lafayette St & E 8 St,40.73028666,-73.9907647,2015-01-15,122,140,18,Lower East Side,Manhattan
293,Lafayette St & E 8 St,40.73028666,-73.9907647,2015-11-18,392,384,-8,Lower East Side,Manhattan
293,Lafayette St & E 8 St,40.73028666,-73.9907647,2014-11-05,357,349,-8,Lower East Side,Manhattan
293,Lafayette St & E 8 St,40.73028666,-73.9907647,2014-12-13,164,183,19,Lower East Side,Manhattan
293,Lafayette St & E 8 St,40.73028666,-73.9907647,2014-09-10,458,402,-56,Lower East Side,Manhattan
293,Lafayette St & E 8 St,40.73028666,-73.9907647,2015-08-29,309,294,-15,Lower East Side,Manhattan
293,Lafayette St & E 8 St,40.73028666,-73.9907647,2015-04-27,289,279,-10,Lower East Side,Manhattan
293,Lafayette St & E 8 St,40.73028666,-73.9907647,2015-08-02,266,248,-18,Lower East Side,Manhattan
293,Lafayette St & E 8 St,40.73028666,-73.9907647,2015-08-04,384,400,16,Lower East Side,Manhattan
293,Lafayette St & E 8 St,40.73028666,-73.9907647,2014-03-08,203,164,-39,Lower East Side,Manhattan
293,Lafayette St & E 8 St,40.73028666,-73.9907647,2014-11-13,208,201,-7,Lower East Side,Manhattan
293,Lafayette St & E 8 St,40.73028666,-73.9907647,2015-04-26,215,206,-9,Lower East Side,Manhattan
293,Lafayette St & E 8 St,40.73028666,-73.9907647,2014-09-22,367,357,-10,Lower East Side,Manhattan
293,Lafayette St & E 8 St,40.73028666,-73.9907647,2014-01-17,209,222,13,Lower East Side,Manhattan
293,Lafayette St & E 8 St,40.73028666,-73.9907647,2014-12-10,115,117,2,Lower East Side,Manhattan
293,Lafayette St & E 8 St,40.73028666,-73.9907647,2015-07-31,401,426,25,Lower East Side,Manhattan
293,Lafayette St & E 8 St,40.73028666,-73.9907647,2015-04-15,308,287,-21,Lower East Side,Manhattan
293,Lafayette St & E 8 St,40.73028666,-73.9907647,2015-09-20,293,292,-1,Lower East Side,Manhattan
293,Lafayette St & E 8 St,40.73028666,-73.9907647,2015-12-12,290,311,21,Lower East Side,Manhattan
293,Lafayette St & E 8 St,40.73028666,-73.9907647,2015-09-14,427,422,-5,Lower East Side,Manhattan
293,Lafayette St & E 8 St,40.73028666,-73.9907647,2015-10-12,405,395,-10,Lower East Side,Manhattan
293,Lafayette St & E 8 St,40.73028666,-73.9907647,2015-06-08,345,339,-6,Lower East Side,Manhattan
293,Lafayette St & E 8 St,40.73028666,-73.9907647,2014-07-08,362,364,2,Lower East Side,Manhattan
293,Lafayette St & E 8 St,40.73028666,-73.9907647,2014-12-02,193,156,-37,Lower East Side,Manhattan
293,Lafayette St & E 8 St,40.73028666,-73.9907647,2014-04-27,207,207,0,Lower East Side,Manhattan
293,Lafayette St & E 8 St,40.73028666,-73.9907647,2015-12-30,183,222,39,Lower East Side,Manhattan
293,Lafayette St & E 8 St,40.73028666,-73.9907647,2015-06-16,312,310,-2,Lower East Side,Manhattan
293,Lafayette St & E 8 St,40.73028666,-73.9907647,2014-01-06,104,90,-14,Lower East Side,Manhattan
293,Lafayette St & E 8 St,40.73028666,-73.9907647,2015-01-11,101,94,-7,Lower East Side,Manhattan
293,Lafayette St & E 8 St,40.73028666,-73.9907647,2015-06-19,372,417,45,Lower East Side,Manhattan
293,Lafayette St & E 8 St,40.73028666,-73.9907647,2014-11-14,232,245,13,Lower East Side,Manhattan
293,Lafayette St & E 8 St,40.73028666,-73.9907647,2014-03-15,189,204,15,Lower East Side,Manhattan
293,Lafayette St & E 8 St,40.73028666,-73.9907647,2014-10-12,236,243,7,Lower East Side,Manhattan
293,Lafayette St & E 8 St,40.73028666,-73.9907647,2015-09-26,343,312,-31,Lower East Side,Manhattan
293,Lafayette St & E 8 St,40.73028666,-73.9907647,2015-09-01,358,352,-6,Lower East Side,Manhattan
293,Lafayette St & E 8 St,40.73028666,-73.9907647,2015-09-25,469,504,35,Lower East Side,Manhattan
293,Lafayette St & E 8 St,40.73028666,-73.9907647,2015-04-17,257,256,-1,Lower East Side,Manhattan
293,Lafayette St & E 8 St,40.73028666,-73.9907647,2015-10-25,273,244,-29,Lower East Side,Manhattan
293,Lafayette St & E 8 St,40.73028666,-73.9907647,2015-05-26,402,389,-13,Lower East Side,Manhattan
293,Lafayette St & E 8 St,40.73028666,-73.9907647,2014-03-28,206,233,27,Lower East Side,Manhattan
293,Lafayette St & E 8 St,40.73028666,-73.9907647,2015-02-19,91,107,16,Lower East Side,Manhattan
293,Lafayette St & E 8 St,40.73028666,-73.9907647,2015-04-23,272,255,-17,Lower East Side,Manhattan
293,Lafayette St & E 8 St,40.73028666,-73.9907647,2015-06-13,286,279,-7,Lower East Side,Manhattan
293,Lafayette St & E 8 St,40.73028666,-73.9907647,2014-02-24,176,149,-27,Lower East Side,Manhattan
293,Lafayette St & E 8 St,40.73028666,-73.9907647,2015-03-29,131,121,-10,Lower East Side,Manhattan
293,Lafayette St & E 8 St,40.73028666,-73.9907647,2014-11-30,161,150,-11,Lower East Side,Manhattan
293,Lafayette St & E 8 St,40.73028666,-73.9907647,2014-07-09,379,352,-27,Lower East Side,Manhattan
293,Lafayette St & E 8 St,40.73028666,-73.9907647,2014-12-27,100,86,-14,Lower East Side,Manhattan
293,Lafayette St & E 8 St,40.73028666,-73.9907647,2014-02-26,127,118,-9,Lower East Side,Manhattan
293,Lafayette St & E 8 St,40.73028666,-73.9907647,2014-10-24,301,361,60,Lower East Side,Manhattan
293,Lafayette St & E 8 St,40.73028666,-73.9907647,2015-01-19,121,112,-9,Lower East Side,Manhattan
293,Lafayette St & E 8 St,40.73028666,-73.9907647,2014-09-13,165,181,16,Lower East Side,Manhattan
293,Lafayette St & E 8 St,40.73028666,-73.9907647,2015-02-24,83,84,1,Lower East Side,Manhattan
293,Lafayette St & E 8 St,40.73028666,-73.9907647,2014-07-04,111,117,6,Lower East Side,Manhattan
293,Lafayette St & E 8 St,40.73028666,-73.9907647,2014-01-05,30,25,-5,Lower East Side,Manhattan
293,Lafayette St & E 8 St,40.73028666,-73.9907647,2014-03-05,157,135,-22,Lower East Side,Manhattan
293,Lafayette St & E 8 St,40.73028666,-73.9907647,2014-08-08,324,352,28,Lower East Side,Manhattan
293,Lafayette St & E 8 St,40.73028666,-73.9907647,2015-06-05,327,371,44,Lower East Side,Manhattan
293,Lafayette St & E 8 St,40.73028666,-73.9907647,2014-07-31,348,317,-31,Lower East Side,Manhattan
293,Lafayette St & E 8 St,40.73028666,-73.9907647,2015-05-13,354,353,-1,Lower East Side,Manhattan
293,Lafayette St & E 8 St,40.73028666,-73.9907647,2015-11-03,433,432,-1,Lower East Side,Manhattan
293,Lafayette St & E 8 St,40.73028666,-73.9907647,2014-08-04,342,328,-14,Lower East Side,Manhattan
293,Lafayette St & E 8 St,40.73028666,-73.9907647,2015-07-03,231,237,6,Lower East Side,Manhattan
293,Lafayette St & E 8 St,40.73028666,-73.9907647,2014-03-31,200,202,2,Lower East Side,Manhattan
293,Lafayette St & E 8 St,40.73028666,-73.9907647,2014-06-07,264,253,-11,Lower East Side,Manhattan
293,Lafayette St & E 8 St,40.73028666,-73.9907647,2015-01-26,47,60,13,Lower East Side,Manhattan
293,Lafayette St & E 8 St,40.73028666,-73.9907647,2015-07-08,356,359,3,Lower East Side,Manhattan
293,Lafayette St & E 8 St,40.73028666,-73.9907647,2015-12-08,334,321,-13,Lower East Side,Manhattan
293,Lafayette St & E 8 St,40.73028666,-73.9907647,2014-07-16,413,378,-35,Lower East Side,Manhattan
293,Lafayette St & E 8 St,40.73028666,-73.9907647,2015-12-29,110,119,9,Lower East Side,Manhattan
293,Lafayette St & E 8 St,40.73028666,-73.9907647,2014-02-12,123,110,-13,Lower East Side,Manhattan
293,Lafayette St & E 8 St,40.73028666,-73.9907647,2015-12-09,297,300,3,Lower East Side,Manhattan
293,Lafayette St & E 8 St,40.73028666,-73.9907647,2014-02-11,116,101,-15,Lower East Side,Manhattan
293,Lafayette St & E 8 St,40.73028666,-73.9907647,2014-03-30,97,91,-6,Lower East Side,Manhattan
293,Lafayette St & E 8 St,40.73028666,-73.9907647,2014-05-16,200,190,-10,Lower East Side,Manhattan
293,Lafayette St & E 8 St,40.73028666,-73.9907647,2014-03-25,215,196,-19,Lower East Side,Manhattan
293,Lafayette St & E 8 St,40.73028666,-73.9907647,2015-12-17,185,181,-4,Lower East Side,Manhattan
293,Lafayette St & E 8 St,40.73028666,-73.9907647,2015-02-11,114,117,3,Lower East Side,Manhattan
293,Lafayette St & E 8 St,40.73028666,-73.9907647,2014-02-10,93,80,-13,Lower East Side,Manhattan
293,Lafayette St & E 8 St,40.73028666,-73.9907647,2015-04-21,226,252,26,Lower East Side,Manhattan
293,Lafayette St & E 8 St,40.73028666,-73.9907647,2014-04-07,158,162,4,Lower East Side,Manhattan
293,Lafayette St & E 8 St,40.73028666,-73.9907647,2015-01-03,47,52,5,Lower East Side,Manhattan
293,Lafayette St & E 8 St,40.73028666,-73.9907647,2015-06-21,292,273,-19,Lower East Side,Manhattan
293,Lafayette St & E 8 St,40.73028666,-73.9907647,2015-04-04,161,180,19,Lower East Side,Manhattan
293,Lafayette St & E 8 St,40.73028666,-73.9907647,2015-07-18,274,250,-24,Lower East Side,Manhattan
293,Lafayette St & E 8 St,40.73028666,-73.9907647,2015-12-27,135,130,-5,Lower East Side,Manhattan
293,Lafayette St & E 8 St,40.73028666,-73.9907647,2014-11-02,174,196,22,Lower East Side,Manhattan
3062,Myrtle Ave & Marcy Ave,40.69539817,-73.94954908,2015-11-24,6,6,0,Bushwick and Williamsburg,Brooklyn
3062,Myrtle Ave & Marcy Ave,40.69539817,-73.94954908,2015-10-21,10,16,6,Bushwick and Williamsburg,Brooklyn
3062,Myrtle Ave & Marcy Ave,40.69539817,-73.94954908,2015-11-14,7,5,-2,Bushwick and Williamsburg,Brooklyn
3062,Myrtle Ave & Marcy Ave,40.69539817,-73.94954908,2015-11-20,6,5,-1,Bushwick and Williamsburg,Brooklyn
3180,Brooklyn Bridge Park - Pier 2,40.69878,-73.99712,2015-12-14,4,7,3,Northwest Brooklyn,Brooklyn
3180,Brooklyn Bridge Park - Pier 2,40.69878,-73.99712,2015-07-31,40,26,-14,Northwest Brooklyn,Brooklyn
3180,Brooklyn Bridge Park - Pier 2,40.69878,-73.99712,2015-10-22,16,18,2,Northwest Brooklyn,Brooklyn
3180,Brooklyn Bridge Park - Pier 2,40.69878,-73.99712,2015-10-06,19,20,1,Northwest Brooklyn,Brooklyn
3180,Brooklyn Bridge Park - Pier 2,40.69878,-73.99712,2015-09-27,37,28,-9,Northwest Brooklyn,Brooklyn
3079,Leonard St & Grand St,40.71103537,-73.94714303,2015-11-06,24,27,3,Greenpoint,Brooklyn
3079,Leonard St & Grand St,40.71103537,-73.94714303,2015-12-06,22,18,-4,Greenpoint,Brooklyn
3079,Leonard St & Grand St,40.71103537,-73.94714303,2015-11-16,20,18,-2,Greenpoint,Brooklyn
3079,Leonard St & Grand St,40.71103537,-73.94714303,2015-09-19,43,46,3,Greenpoint,Brooklyn
3079,Leonard St & Grand St,40.71103537,-73.94714303,2015-09-16,24,35,11,Greenpoint,Brooklyn
3079,Leonard St & Grand St,40.71103537,-73.94714303,2015-11-09,15,20,5,Greenpoint,Brooklyn
3079,Leonard St & Grand St,40.71103537,-73.94714303,2015-10-09,16,14,-2,Greenpoint,Brooklyn
3079,Leonard St & Grand St,40.71103537,-73.94714303,2015-09-28,13,18,5,Greenpoint,Brooklyn
3079,Leonard St & Grand St,40.71103537,-73.94714303,2015-09-02,20,19,-1,Greenpoint,Brooklyn
3079,Leonard St & Grand St,40.71103537,-73.94714303,2015-12-22,10,12,2,Greenpoint,Brooklyn
3079,Leonard St & Grand St,40.71103537,-73.94714303,2015-08-27,15,14,-1,Greenpoint,Brooklyn
3079,Leonard St & Grand St,40.71103537,-73.94714303,2015-10-14,21,27,6,Greenpoint,Brooklyn
412,Forsyth St & Canal St,40.7158155,-73.99422366,2015-08-21,90,102,12,Lower East Side,Manhattan
412,Forsyth St & Canal St,40.7158155,-73.99422366,2014-07-03,82,84,2,Lower East Side,Manhattan
412,Forsyth St & Canal St,40.7158155,-73.99422366,2015-02-04,12,15,3,Lower East Side,Manhattan
412,Forsyth St & Canal St,40.7158155,-73.99422366,2015-10-31,91,96,5,Lower East Side,Manhattan
412,Forsyth St & Canal St,40.7158155,-73.99422366,2015-08-20,90,88,-2,Lower East Side,Manhattan
412,Forsyth St & Canal St,40.7158155,-73.99422366,2014-09-14,116,110,-6,Lower East Side,Manhattan
412,Forsyth St & Canal St,40.7158155,-73.99422366,2015-08-22,124,115,-9,Lower East Side,Manhattan
412,Forsyth St & Canal St,40.7158155,-73.99422366,2015-03-10,19,22,3,Lower East Side,Manhattan
412,Forsyth St & Canal St,40.7158155,-73.99422366,2014-08-14,66,67,1,Lower East Side,Manhattan
412,Forsyth St & Canal St,40.7158155,-73.99422366,2015-11-22,61,62,1,Lower East Side,Manhattan
412,Forsyth St & Canal St,40.7158155,-73.99422366,2015-10-20,83,85,2,Lower East Side,Manhattan
412,Forsyth St & Canal St,40.7158155,-73.99422366,2014-06-15,97,103,6,Lower East Side,Manhattan
412,Forsyth St & Canal St,40.7158155,-73.99422366,2014-06-21,84,88,4,Lower East Side,Manhattan
412,Forsyth St & Canal St,40.7158155,-73.99422366,2015-05-17,102,112,10,Lower East Side,Manhattan
412,Forsyth St & Canal St,40.7158155,-73.99422366,2015-06-26,79,101,22,Lower East Side,Manhattan
412,Forsyth St & Canal St,40.7158155,-73.99422366,2015-06-23,72,61,-11,Lower East Side,Manhattan
412,Forsyth St & Canal St,40.7158155,-73.99422366,2015-07-07,81,82,1,Lower East Side,Manhattan
412,Forsyth St & Canal St,40.7158155,-73.99422366,2015-08-29,105,123,18,Lower East Side,Manhattan
412,Forsyth St & Canal St,40.7158155,-73.99422366,2014-10-06,101,82,-19,Lower East Side,Manhattan
412,Forsyth St & Canal St,40.7158155,-73.99422366,2014-05-09,51,52,1,Lower East Side,Manhattan
412,Forsyth St & Canal St,40.7158155,-73.99422366,2014-06-07,113,112,-1,Lower East Side,Manhattan
412,Forsyth St & Canal St,40.7158155,-73.99422366,2015-03-17,22,26,4,Lower East Side,Manhattan
412,Forsyth St & Canal St,40.7158155,-73.99422366,2014-05-19,88,84,-4,Lower East Side,Manhattan
412,Forsyth St & Canal St,40.7158155,-73.99422366,2015-11-08,87,84,-3,Lower East Side,Manhattan
412,Forsyth St & Canal St,40.7158155,-73.99422366,2014-11-09,60,57,-3,Lower East Side,Manhattan
412,Forsyth St & Canal St,40.7158155,-73.99422366,2015-08-04,94,84,-10,Lower East Side,Manhattan
412,Forsyth St & Canal St,40.7158155,-73.99422366,2015-03-21,26,34,8,Lower East Side,Manhattan
412,Forsyth St & Canal St,40.7158155,-73.99422366,2014-06-20,67,64,-3,Lower East Side,Manhattan
412,Forsyth St & Canal St,40.7158155,-73.99422366,2014-06-06,87,92,5,Lower East Side,Manhattan
412,Forsyth St & Canal St,40.7158155,-73.99422366,2015-09-23,89,108,19,Lower East Side,Manhattan
412,Forsyth St & Canal St,40.7158155,-73.99422366,2014-03-27,16,28,12,Lower East Side,Manhattan
412,Forsyth St & Canal St,40.7158155,-73.99422366,2014-05-13,62,58,-4,Lower East Side,Manhattan
412,Forsyth St & Canal St,40.7158155,-73.99422366,2014-05-15,81,77,-4,Lower East Side,Manhattan
412,Forsyth St & Canal St,40.7158155,-73.99422366,2014-08-28,72,72,0,Lower East Side,Manhattan
412,Forsyth St & Canal St,40.7158155,-73.99422366,2014-09-15,65,67,2,Lower East Side,Manhattan
412,Forsyth St & Canal St,40.7158155,-73.99422366,2014-06-09,50,63,13,Lower East Side,Manhattan
412,Forsyth St & Canal St,40.7158155,-73.99422366,2014-08-26,81,86,5,Lower East Side,Manhattan
412,Forsyth St & Canal St,40.7158155,-73.99422366,2015-08-09,119,121,2,Lower East Side,Manhattan
412,Forsyth St & Canal St,40.7158155,-73.99422366,2014-10-09,66,82,16,Lower East Side,Manhattan
412,Forsyth St & Canal St,40.7158155,-73.99422366,2014-09-16,63,65,2,Lower East Side,Manhattan
412,Forsyth St & Canal St,40.7158155,-73.99422366,2015-07-27,79,78,-1,Lower East Side,Manhattan
412,Forsyth St & Canal St,40.7158155,-73.99422366,2014-11-08,50,54,4,Lower East Side,Manhattan
412,Forsyth St & Canal St,40.7158155,-73.99422366,2014-05-08,40,43,3,Lower East Side,Manhattan
412,Forsyth St & Canal St,40.7158155,-73.99422366,2015-10-22,81,79,-2,Lower East Side,Manhattan
412,Forsyth St & Canal St,40.7158155,-73.99422366,2014-10-10,79,74,-5,Lower East Side,Manhattan
412,Forsyth St & Canal St,40.7158155,-73.99422366,2015-12-04,73,61,-12,Lower East Side,Manhattan
412,Forsyth St & Canal St,40.7158155,-73.99422366,2014-08-15,81,89,8,Lower East Side,Manhattan
412,Forsyth St & Canal St,40.7158155,-73.99422366,2015-11-15,57,65,8,Lower East Side,Manhattan
412,Forsyth St & Canal St,40.7158155,-73.99422366,2014-08-12,46,52,6,Lower East Side,Manhattan
412,Forsyth St & Canal St,40.7158155,-73.99422366,2014-12-01,42,37,-5,Lower East Side,Manhattan
412,Forsyth St & Canal St,40.7158155,-73.99422366,2014-05-14,68,58,-10,Lower East Side,Manhattan
412,Forsyth St & Canal St,40.7158155,-73.99422366,2014-06-03,69,70,1,Lower East Side,Manhattan
412,Forsyth St & Canal St,40.7158155,-73.99422366,2015-08-12,116,120,4,Lower East Side,Manhattan
412,Forsyth St & Canal St,40.7158155,-73.99422366,2015-10-23,90,90,0,Lower East Side,Manhattan
412,Forsyth St & Canal St,40.7158155,-73.99422366,2014-05-12,73,69,-4,Lower East Side,Manhattan
412,Forsyth St & Canal St,40.7158155,-73.99422366,2015-08-16,102,101,-1,Lower East Side,Manhattan
412,Forsyth St & Canal St,40.7158155,-73.99422366,2015-09-13,93,80,-13,Lower East Side,Manhattan
412,Forsyth St & Canal St,40.7158155,-73.99422366,2014-04-06,44,57,13,Lower East Side,Manhattan
412,Forsyth St & Canal St,40.7158155,-73.99422366,2015-06-03,92,86,-6,Lower East Side,Manhattan
412,Forsyth St & Canal St,40.7158155,-73.99422366,2014-02-08,29,27,-2,Lower East Side,Manhattan
412,Forsyth St & Canal St,40.7158155,-73.99422366,2014-05-07,73,82,9,Lower East Side,Manhattan
412,Forsyth St & Canal St,40.7158155,-73.99422366,2014-09-30,71,63,-8,Lower East Side,Manhattan
412,Forsyth St & Canal St,40.7158155,-73.99422366,2014-06-08,96,105,9,Lower East Side,Manhattan
412,Forsyth St & Canal St,40.7158155,-73.99422366,2015-03-11,50,38,-12,Lower East Side,Manhattan
412,Forsyth St & Canal St,40.7158155,-73.99422366,2014-03-11,61,65,4,Lower East Side,Manhattan
412,Forsyth St & Canal St,40.7158155,-73.99422366,2015-04-05,62,58,-4,Lower East Side,Manhattan
412,Forsyth St & Canal St,40.7158155,-73.99422366,2015-08-03,99,95,-4,Lower East Side,Manhattan
412,Forsyth St & Canal St,40.7158155,-73.99422366,2014-06-26,65,71,6,Lower East Side,Manhattan
412,Forsyth St & Canal St,40.7158155,-73.99422366,2014-04-09,58,72,14,Lower East Side,Manhattan
412,Forsyth St & Canal St,40.7158155,-73.99422366,2014-07-07,77,79,2,Lower East Side,Manhattan
412,Forsyth St & Canal St,40.7158155,-73.99422366,2015-10-09,74,67,-7,Lower East Side,Manhattan
412,Forsyth St & Canal St,40.7158155,-73.99422366,2015-06-11,72,79,7,Lower East Side,Manhattan
412,Forsyth St & Canal St,40.7158155,-73.99422366,2015-07-17,104,96,-8,Lower East Side,Manhattan
412,Forsyth St & Canal St,40.7158155,-73.99422366,2014-06-22,90,86,-4,Lower East Side,Manhattan
412,Forsyth St & Canal St,40.7158155,-73.99422366,2014-09-27,105,106,1,Lower East Side,Manhattan
412,Forsyth St & Canal St,40.7158155,-73.99422366,2014-07-02,62,67,5,Lower East Side,Manhattan
355,Bayard St & Baxter St,40.71602118,-73.99974372,2015-08-22,115,109,-6,Greenwich Village and Soho,Manhattan
355,Bayard St & Baxter St,40.71602118,-73.99974372,2015-06-13,72,79,7,Greenwich Village and Soho,Manhattan
355,Bayard St & Baxter St,40.71602118,-73.99974372,2015-12-07,87,79,-8,Greenwich Village and Soho,Manhattan
355,Bayard St & Baxter St,40.71602118,-73.99974372,2014-09-07,79,109,30,Greenwich Village and Soho,Manhattan
355,Bayard St & Baxter St,40.71602118,-73.99974372,2014-09-25,49,40,-9,Greenwich Village and Soho,Manhattan
355,Bayard St & Baxter St,40.71602118,-73.99974372,2015-08-10,100,100,0,Greenwich Village and Soho,Manhattan
355,Bayard St & Baxter St,40.71602118,-73.99974372,2015-10-06,110,104,-6,Greenwich Village and Soho,Manhattan
355,Bayard St & Baxter St,40.71602118,-73.99974372,2014-07-23,102,103,1,Greenwich Village and Soho,Manhattan
355,Bayard St & Baxter St,40.71602118,-73.99974372,2015-09-01,97,103,6,Greenwich Village and Soho,Manhattan
355,Bayard St & Baxter St,40.71602118,-73.99974372,2014-09-30,85,88,3,Greenwich Village and Soho,Manhattan
355,Bayard St & Baxter St,40.71602118,-73.99974372,2015-12-03,62,65,3,Greenwich Village and Soho,Manhattan
355,Bayard St & Baxter St,40.71602118,-73.99974372,2014-04-12,86,85,-1,Greenwich Village and Soho,Manhattan
355,Bayard St & Baxter St,40.71602118,-73.99974372,2015-10-12,98,103,5,Greenwich Village and Soho,Manhattan
355,Bayard St & Baxter St,40.71602118,-73.99974372,2015-09-08,103,114,11,Greenwich Village and Soho,Manhattan
355,Bayard St & Baxter St,40.71602118,-73.99974372,2014-09-04,75,67,-8,Greenwich Village and Soho,Manhattan
355,Bayard St & Baxter St,40.71602118,-73.99974372,2015-11-03,94,96,2,Greenwich Village and Soho,Manhattan
355,Bayard St & Baxter St,40.71602118,-73.99974372,2015-06-23,79,75,-4,Greenwich Village and Soho,Manhattan
355,Bayard St & Baxter St,40.71602118,-73.99974372,2014-09-27,103,91,-12,Greenwich Village and Soho,Manhattan
355,Bayard St & Baxter St,40.71602118,-73.99974372,2014-11-07,70,71,1,Greenwich Village and Soho,Manhattan
355,Bayard St & Baxter St,40.71602118,-73.99974372,2015-08-11,80,66,-14,Greenwich Village and Soho,Manhattan
355,Bayard St & Baxter St,40.71602118,-73.99974372,2014-06-26,82,83,1,Greenwich Village and Soho,Manhattan
355,Bayard St & Baxter St,40.71602118,-73.99974372,2015-10-03,47,60,13,Greenwich Village and Soho,Manhattan
355,Bayard St & Baxter St,40.71602118,-73.99974372,2014-08-05,97,107,10,Greenwich Village and Soho,Manhattan
355,Bayard St & Baxter St,40.71602118,-73.99974372,2015-12-14,86,94,8,Greenwich Village and Soho,Manhattan
355,Bayard St & Baxter St,40.71602118,-73.99974372,2014-10-02,103,100,-3,Greenwich Village and Soho,Manhattan
355,Bayard St & Baxter St,40.71602118,-73.99974372,2014-08-16,94,97,3,Greenwich Village and Soho,Manhattan
355,Bayard St & Baxter St,40.71602118,-73.99974372,2014-05-25,70,80,10,Greenwich Village and Soho,Manhattan
355,Bayard St & Baxter St,40.71602118,-73.99974372,2014-05-31,89,109,20,Greenwich Village and Soho,Manhattan
355,Bayard St & Baxter St,40.71602118,-73.99974372,2015-10-26,103,105,2,Greenwich Village and Soho,Manhattan
355,Bayard St & Baxter St,40.71602118,-73.99974372,2015-05-17,69,89,20,Greenwich Village and Soho,Manhattan
355,Bayard St & Baxter St,40.71602118,-73.99974372,2014-06-19,109,109,0,Greenwich Village and Soho,Manhattan
355,Bayard St & Baxter St,40.71602118,-73.99974372,2014-10-26,92,90,-2,Greenwich Village and Soho,Manhattan
355,Bayard St & Baxter St,40.71602118,-73.99974372,2015-10-30,89,84,-5,Greenwich Village and Soho,Manhattan
355,Bayard St & Baxter St,40.71602118,-73.99974372,2014-06-15,91,96,5,Greenwich Village and Soho,Manhattan
355,Bayard St & Baxter St,40.71602118,-73.99974372,2015-06-29,110,119,9,Greenwich Village and Soho,Manhattan
355,Bayard St & Baxter St,40.71602118,-73.99974372,2015-09-21,116,114,-2,Greenwich Village and Soho,Manhattan
355,Bayard St & Baxter St,40.71602118,-73.99974372,2015-07-11,115,94,-21,Greenwich Village and Soho,Manhattan
355,Bayard St & Baxter St,40.71602118,-73.99974372,2015-03-31,50,36,-14,Greenwich Village and Soho,Manhattan
355,Bayard St & Baxter St,40.71602118,-73.99974372,2014-05-07,75,74,-1,Greenwich Village and Soho,Manhattan
355,Bayard St & Baxter St,40.71602118,-73.99974372,2014-04-13,111,103,-8,Greenwich Village and Soho,Manhattan
355,Bayard St & Baxter St,40.71602118,-73.99974372,2014-04-08,72,61,-11,Greenwich Village and Soho,Manhattan
355,Bayard St & Baxter St,40.71602118,-73.99974372,2015-07-02,87,94,7,Greenwich Village and Soho,Manhattan
355,Bayard St & Baxter St,40.71602118,-73.99974372,2015-05-30,105,120,15,Greenwich Village and Soho,Manhattan
355,Bayard St & Baxter St,40.71602118,-73.99974372,2014-01-04,4,12,8,Greenwich Village and Soho,Manhattan
355,Bayard St & Baxter St,40.71602118,-73.99974372,2015-11-17,86,84,-2,Greenwich Village and Soho,Manhattan
355,Bayard St & Baxter St,40.71602118,-73.99974372,2014-12-12,53,46,-7,Greenwich Village and Soho,Manhattan
355,Bayard St & Baxter St,40.71602118,-73.99974372,2015-03-30,50,45,-5,Greenwich Village and Soho,Manhattan
355,Bayard St & Baxter St,40.71602118,-73.99974372,2015-09-14,123,126,3,Greenwich Village and Soho,Manhattan
355,Bayard St & Baxter St,40.71602118,-73.99974372,2014-11-21,21,31,10,Greenwich Village and Soho,Manhattan
355,Bayard St & Baxter St,40.71602118,-73.99974372,2014-06-03,90,92,2,Greenwich Village and Soho,Manhattan
355,Bayard St & Baxter St,40.71602118,-73.99974372,2015-06-17,96,96,0,Greenwich Village and Soho,Manhattan
355,Bayard St & Baxter St,40.71602118,-73.99974372,2014-02-26,35,41,6,Greenwich Village and Soho,Manhattan
355,Bayard St & Baxter St,40.71602118,-73.99974372,2015-05-02,64,66,2,Greenwich Village and Soho,Manhattan
355,Bayard St & Baxter St,40.71602118,-73.99974372,2014-03-20,56,50,-6,Greenwich Village and Soho,Manhattan
355,Bayard St & Baxter St,40.71602118,-73.99974372,2014-05-09,68,80,12,Greenwich Village and Soho,Manhattan
355,Bayard St & Baxter St,40.71602118,-73.99974372,2015-10-16,120,111,-9,Greenwich Village and Soho,Manhattan
355,Bayard St & Baxter St,40.71602118,-73.99974372,2014-04-22,82,99,17,Greenwich Village and Soho,Manhattan
355,Bayard St & Baxter St,40.71602118,-73.99974372,2015-06-24,91,94,3,Greenwich Village and Soho,Manhattan
355,Bayard St & Baxter St,40.71602118,-73.99974372,2015-04-24,53,50,-3,Greenwich Village and Soho,Manhattan
355,Bayard St & Baxter St,40.71602118,-73.99974372,2015-06-09,99,105,6,Greenwich Village and Soho,Manhattan
355,Bayard St & Baxter St,40.71602118,-73.99974372,2015-11-27,82,73,-9,Greenwich Village and Soho,Manhattan
355,Bayard St & Baxter St,40.71602118,-73.99974372,2015-05-19,80,78,-2,Greenwich Village and Soho,Manhattan
355,Bayard St & Baxter St,40.71602118,-73.99974372,2015-06-14,83,80,-3,Greenwich Village and Soho,Manhattan
355,Bayard St & Baxter St,40.71602118,-73.99974372,2015-01-18,6,4,-2,Greenwich Village and Soho,Manhattan
355,Bayard St & Baxter St,40.71602118,-73.99974372,2014-06-01,79,92,13,Greenwich Village and Soho,Manhattan
355,Bayard St & Baxter St,40.71602118,-73.99974372,2014-05-22,65,57,-8,Greenwich Village and Soho,Manhattan
355,Bayard St & Baxter St,40.71602118,-73.99974372,2014-10-17,97,99,2,Greenwich Village and Soho,Manhattan
355,Bayard St & Baxter St,40.71602118,-73.99974372,2014-01-16,69,69,0,Greenwich Village and Soho,Manhattan
355,Bayard St & Baxter St,40.71602118,-73.99974372,2014-07-29,107,99,-8,Greenwich Village and Soho,Manhattan
355,Bayard St & Baxter St,40.71602118,-73.99974372,2015-07-29,122,111,-11,Greenwich Village and Soho,Manhattan
355,Bayard St & Baxter St,40.71602118,-73.99974372,2014-10-12,73,76,3,Greenwich Village and Soho,Manhattan
355,Bayard St & Baxter St,40.71602118,-73.99974372,2015-04-09,51,55,4,Greenwich Village and Soho,Manhattan
355,Bayard St & Baxter St,40.71602118,-73.99974372,2014-10-10,100,88,-12,Greenwich Village and Soho,Manhattan
355,Bayard St & Baxter St,40.71602118,-73.99974372,2015-09-30,103,93,-10,Greenwich Village and Soho,Manhattan
355,Bayard St & Baxter St,40.71602118,-73.99974372,2014-04-07,55,60,5,Greenwich Village and Soho,Manhattan
355,Bayard St & Baxter St,40.71602118,-73.99974372,2014-12-15,51,53,2,Greenwich Village and Soho,Manhattan
355,Bayard St & Baxter St,40.71602118,-73.99974372,2014-05-19,97,85,-12,Greenwich Village and Soho,Manhattan
355,Bayard St & Baxter St,40.71602118,-73.99974372,2015-01-06,17,27,10,Greenwich Village and Soho,Manhattan
355,Bayard St & Baxter St,40.71602118,-73.99974372,2014-06-29,78,104,26,Greenwich Village and Soho,Manhattan
355,Bayard St & Baxter St,40.71602118,-73.99974372,2014-03-30,47,43,-4,Greenwich Village and Soho,Manhattan
355,Bayard St & Baxter St,40.71602118,-73.99974372,2014-04-15,26,23,-3,Greenwich Village and Soho,Manhattan
355,Bayard St & Baxter St,40.71602118,-73.99974372,2015-08-18,84,75,-9,Greenwich Village and Soho,Manhattan
355,Bayard St & Baxter St,40.71602118,-73.99974372,2014-07-15,64,65,1,Greenwich Village and Soho,Manhattan
355,Bayard St & Baxter St,40.71602118,-73.99974372,2014-11-09,60,75,15,Greenwich Village and Soho,Manhattan
355,Bayard St & Baxter St,40.71602118,-73.99974372,2014-07-26,108,102,-6,Greenwich Village and Soho,Manhattan
355,Bayard St & Baxter St,40.71602118,-73.99974372,2014-05-05,85,71,-14,Greenwich Village and Soho,Manhattan
355,Bayard St & Baxter St,40.71602118,-73.99974372,2014-07-25,109,114,5,Greenwich Village and Soho,Manhattan
355,Bayard St & Baxter St,40.71602118,-73.99974372,2015-11-14,94,75,-19,Greenwich Village and Soho,Manhattan
355,Bayard St & Baxter St,40.71602118,-73.99974372,2015-08-09,100,135,35,Greenwich Village and Soho,Manhattan
355,Bayard St & Baxter St,40.71602118,-73.99974372,2014-04-18,48,63,15,Greenwich Village and Soho,Manhattan
355,Bayard St & Baxter St,40.71602118,-73.99974372,2014-01-06,36,24,-12,Greenwich Village and Soho,Manhattan
355,Bayard St & Baxter St,40.71602118,-73.99974372,2014-11-15,65,63,-2,Greenwich Village and Soho,Manhattan
355,Bayard St & Baxter St,40.71602118,-73.99974372,2015-07-21,83,80,-3,Greenwich Village and Soho,Manhattan
355,Bayard St & Baxter St,40.71602118,-73.99974372,2014-02-19,38,28,-10,Greenwich Village and Soho,Manhattan
355,Bayard St & Baxter St,40.71602118,-73.99974372,2015-04-16,69,67,-2,Greenwich Village and Soho,Manhattan
355,Bayard St & Baxter St,40.71602118,-73.99974372,2015-08-23,136,129,-7,Greenwich Village and Soho,Manhattan
355,Bayard St & Baxter St,40.71602118,-73.99974372,2015-09-23,107,99,-8,Greenwich Village and Soho,Manhattan
355,Bayard St & Baxter St,40.71602118,-73.99974372,2015-08-30,95,85,-10,Greenwich Village and Soho,Manhattan
355,Bayard St & Baxter St,40.71602118,-73.99974372,2014-08-03,85,103,18,Greenwich Village and Soho,Manhattan
355,Bayard St & Baxter St,40.71602118,-73.99974372,2014-10-04,54,54,0,Greenwich Village and Soho,Manhattan
262,Washington Park,40.69178232,-73.97372989,2014-08-04,16,20,4,Northwest Brooklyn,Brooklyn
262,Washington Park,40.69178232,-73.97372989,2014-03-22,12,9,-3,Northwest Brooklyn,Brooklyn
262,Washington Park,40.69178232,-73.97372989,2014-07-28,18,13,-5,Northwest Brooklyn,Brooklyn
262,Washington Park,40.69178232,-73.97372989,2015-03-20,13,1,-12,Northwest Brooklyn,Brooklyn
262,Washington Park,40.69178232,-73.97372989,2014-09-10,43,24,-19,Northwest Brooklyn,Brooklyn
262,Washington Park,40.69178232,-73.97372989,2014-10-20,15,11,-4,Northwest Brooklyn,Brooklyn
262,Washington Park,40.69178232,-73.97372989,2014-11-19,23,7,-16,Northwest Brooklyn,Brooklyn
262,Washington Park,40.69178232,-73.97372989,2014-04-25,21,19,-2,Northwest Brooklyn,Brooklyn
262,Washington Park,40.69178232,-73.97372989,2014-02-18,3,2,-1,Northwest Brooklyn,Brooklyn
262,Washington Park,40.69178232,-73.97372989,2014-09-12,25,16,-9,Northwest Brooklyn,Brooklyn
262,Washington Park,40.69178232,-73.97372989,2014-04-01,9,12,3,Northwest Brooklyn,Brooklyn
262,Washington Park,40.69178232,-73.97372989,2014-07-23,31,19,-12,Northwest Brooklyn,Brooklyn
262,Washington Park,40.69178232,-73.97372989,2014-07-10,33,26,-7,Northwest Brooklyn,Brooklyn
262,Washington Park,40.69178232,-73.97372989,2014-09-03,41,30,-11,Northwest Brooklyn,Brooklyn
262,Washington Park,40.69178232,-73.97372989,2014-02-28,3,1,-2,Northwest Brooklyn,Brooklyn
262,Washington Park,40.69178232,-73.97372989,2014-12-07,13,11,-2,Northwest Brooklyn,Brooklyn
308,St James Pl & Oliver St,40.71307916,-73.99851193,2014-08-07,52,64,12,Lower Manhattan,Manhattan
308,St James Pl & Oliver St,40.71307916,-73.99851193,2014-07-07,56,54,-2,Lower Manhattan,Manhattan
308,St James Pl & Oliver St,40.71307916,-73.99851193,2014-06-10,56,46,-10,Lower Manhattan,Manhattan
308,St James Pl & Oliver St,40.71307916,-73.99851193,2014-03-08,38,32,-6,Lower Manhattan,Manhattan
308,St James Pl & Oliver St,40.71307916,-73.99851193,2014-10-01,50,43,-7,Lower Manhattan,Manhattan
308,St James Pl & Oliver St,40.71307916,-73.99851193,2015-07-27,59,63,4,Lower Manhattan,Manhattan
308,St James Pl & Oliver St,40.71307916,-73.99851193,2014-06-04,84,74,-10,Lower Manhattan,Manhattan
308,St James Pl & Oliver St,40.71307916,-73.99851193,2014-04-17,26,38,12,Lower Manhattan,Manhattan
308,St James Pl & Oliver St,40.71307916,-73.99851193,2015-05-22,58,51,-7,Lower Manhattan,Manhattan
308,St James Pl & Oliver St,40.71307916,-73.99851193,2015-05-23,52,44,-8,Lower Manhattan,Manhattan
308,St James Pl & Oliver St,40.71307916,-73.99851193,2014-08-05,69,54,-15,Lower Manhattan,Manhattan
308,St James Pl & Oliver St,40.71307916,-73.99851193,2014-07-15,40,32,-8,Lower Manhattan,Manhattan
308,St James Pl & Oliver St,40.71307916,-73.99851193,2014-09-26,69,77,8,Lower Manhattan,Manhattan
308,St James Pl & Oliver St,40.71307916,-73.99851193,2015-09-15,70,72,2,Lower Manhattan,Manhattan
308,St James Pl & Oliver St,40.71307916,-73.99851193,2014-06-19,55,54,-1,Lower Manhattan,Manhattan
308,St James Pl & Oliver St,40.71307916,-73.99851193,2015-08-14,70,85,15,Lower Manhattan,Manhattan
308,St James Pl & Oliver St,40.71307916,-73.99851193,2015-02-26,16,15,-1,Lower Manhattan,Manhattan
308,St James Pl & Oliver St,40.71307916,-73.99851193,2015-05-07,52,56,4,Lower Manhattan,Manhattan
308,St James Pl & Oliver St,40.71307916,-73.99851193,2014-04-08,39,36,-3,Lower Manhattan,Manhattan
308,St James Pl & Oliver St,40.71307916,-73.99851193,2015-04-13,34,43,9,Lower Manhattan,Manhattan
308,St James Pl & Oliver St,40.71307916,-73.99851193,2015-07-10,85,99,14,Lower Manhattan,Manhattan
308,St James Pl & Oliver St,40.71307916,-73.99851193,2014-06-15,65,65,0,Lower Manhattan,Manhattan
308,St James Pl & Oliver St,40.71307916,-73.99851193,2014-12-31,22,20,-2,Lower Manhattan,Manhattan
308,St James Pl & Oliver St,40.71307916,-73.99851193,2014-06-12,56,53,-3,Lower Manhattan,Manhattan
308,St James Pl & Oliver St,40.71307916,-73.99851193,2015-07-20,61,63,2,Lower Manhattan,Manhattan
308,St James Pl & Oliver St,40.71307916,-73.99851193,2015-09-27,81,78,-3,Lower Manhattan,Manhattan
308,St James Pl & Oliver St,40.71307916,-73.99851193,2014-06-25,64,45,-19,Lower Manhattan,Manhattan
308,St James Pl & Oliver St,40.71307916,-73.99851193,2014-08-13,55,61,6,Lower Manhattan,Manhattan
308,St James Pl & Oliver St,40.71307916,-73.99851193,2015-03-22,19,16,-3,Lower Manhattan,Manhattan
308,St James Pl & Oliver St,40.71307916,-73.99851193,2015-07-08,44,53,9,Lower Manhattan,Manhattan
308,St James Pl & Oliver St,40.71307916,-73.99851193,2014-10-28,44,60,16,Lower Manhattan,Manhattan
308,St James Pl & Oliver St,40.71307916,-73.99851193,2014-06-16,54,63,9,Lower Manhattan,Manhattan
308,St James Pl & Oliver St,40.71307916,-73.99851193,2015-09-06,57,55,-2,Lower Manhattan,Manhattan
308,St James Pl & Oliver St,40.71307916,-73.99851193,2014-09-04,69,64,-5,Lower Manhattan,Manhattan
308,St James Pl & Oliver St,40.71307916,-73.99851193,2014-03-09,33,38,5,Lower Manhattan,Manhattan
308,St James Pl & Oliver St,40.71307916,-73.99851193,2014-01-19,21,29,8,Lower Manhattan,Manhattan
308,St James Pl & Oliver St,40.71307916,-73.99851193,2014-09-21,47,49,2,Lower Manhattan,Manhattan
308,St James Pl & Oliver St,40.71307916,-73.99851193,2015-07-26,64,63,-1,Lower Manhattan,Manhattan
308,St James Pl & Oliver St,40.71307916,-73.99851193,2014-04-25,50,45,-5,Lower Manhattan,Manhattan
308,St James Pl & Oliver St,40.71307916,-73.99851193,2015-06-18,59,61,2,Lower Manhattan,Manhattan
308,St James Pl & Oliver St,40.71307916,-73.99851193,2015-08-12,65,51,-14,Lower Manhattan,Manhattan
308,St James Pl & Oliver St,40.71307916,-73.99851193,2014-11-18,33,29,-4,Lower Manhattan,Manhattan
308,St James Pl & Oliver St,40.71307916,-73.99851193,2014-06-11,51,55,4,Lower Manhattan,Manhattan
308,St James Pl & Oliver St,40.71307916,-73.99851193,2015-04-03,23,33,10,Lower Manhattan,Manhattan
308,St James Pl & Oliver St,40.71307916,-73.99851193,2015-09-05,72,75,3,Lower Manhattan,Manhattan
308,St James Pl & Oliver St,40.71307916,-73.99851193,2015-09-03,53,69,16,Lower Manhattan,Manhattan
308,St James Pl & Oliver St,40.71307916,-73.99851193,2014-04-15,27,17,-10,Lower Manhattan,Manhattan
308,St James Pl & Oliver St,40.71307916,-73.99851193,2015-05-06,52,38,-14,Lower Manhattan,Manhattan
308,St James Pl & Oliver St,40.71307916,-73.99851193,2014-07-10,76,66,-10,Lower Manhattan,Manhattan
308,St James Pl & Oliver St,40.71307916,-73.99851193,2015-04-16,53,54,1,Lower Manhattan,Manhattan
308,St James Pl & Oliver St,40.71307916,-73.99851193,2015-11-17,50,54,4,Lower Manhattan,Manhattan
308,St James Pl & Oliver St,40.71307916,-73.99851193,2015-10-08,76,68,-8,Lower Manhattan,Manhattan
308,St James Pl & Oliver St,40.71307916,-73.99851193,2015-09-29,69,79,10,Lower Manhattan,Manhattan
308,St James Pl & Oliver St,40.71307916,-73.99851193,2014-07-17,46,61,15,Lower Manhattan,Manhattan
308,St James Pl & Oliver St,40.71307916,-73.99851193,2015-12-16,60,55,-5,Lower Manhattan,Manhattan
308,St James Pl & Oliver St,40.71307916,-73.99851193,2015-09-16,81,65,-16,Lower Manhattan,Manhattan
308,St James Pl & Oliver St,40.71307916,-73.99851193,2015-08-21,75,64,-11,Lower Manhattan,Manhattan
308,St James Pl & Oliver St,40.71307916,-73.99851193,2015-08-15,83,75,-8,Lower Manhattan,Manhattan
308,St James Pl & Oliver St,40.71307916,-73.99851193,2014-01-16,35,45,10,Lower Manhattan,Manhattan
308,St James Pl & Oliver St,40.71307916,-73.99851193,2015-06-22,53,57,4,Lower Manhattan,Manhattan
308,St James Pl & Oliver St,40.71307916,-73.99851193,2015-08-20,60,62,2,Lower Manhattan,Manhattan
308,St James Pl & Oliver St,40.71307916,-73.99851193,2015-10-25,63,68,5,Lower Manhattan,Manhattan
308,St James Pl & Oliver St,40.71307916,-73.99851193,2015-05-29,83,76,-7,Lower Manhattan,Manhattan
308,St James Pl & Oliver St,40.71307916,-73.99851193,2014-06-24,57,66,9,Lower Manhattan,Manhattan
308,St James Pl & Oliver St,40.71307916,-73.99851193,2015-07-02,59,63,4,Lower Manhattan,Manhattan
308,St James Pl & Oliver St,40.71307916,-73.99851193,2014-06-30,41,57,16,Lower Manhattan,Manhattan
308,St James Pl & Oliver St,40.71307916,-73.99851193,2014-11-14,35,38,3,Lower Manhattan,Manhattan
308,St James Pl & Oliver St,40.71307916,-73.99851193,2015-03-09,26,32,6,Lower Manhattan,Manhattan
308,St James Pl & Oliver St,40.71307916,-73.99851193,2014-08-15,70,70,0,Lower Manhattan,Manhattan
308,St James Pl & Oliver St,40.71307916,-73.99851193,2014-01-01,20,16,-4,Lower Manhattan,Manhattan
308,St James Pl & Oliver St,40.71307916,-73.99851193,2015-11-25,64,48,-16,Lower Manhattan,Manhattan
308,St James Pl & Oliver St,40.71307916,-73.99851193,2015-01-23,33,32,-1,Lower Manhattan,Manhattan
308,St James Pl & Oliver St,40.71307916,-73.99851193,2015-06-08,58,61,3,Lower Manhattan,Manhattan
308,St James Pl & Oliver St,40.71307916,-73.99851193,2015-04-30,51,43,-8,Lower Manhattan,Manhattan
308,St James Pl & Oliver St,40.71307916,-73.99851193,2014-06-07,77,70,-7,Lower Manhattan,Manhattan
218,Gallatin Pl & Livingston St,40.69028437,-73.98707105,2015-07-31,13,15,2,Northwest Brooklyn,Brooklyn
218,Gallatin Pl & Livingston St,40.69028437,-73.98707105,2014-11-07,9,8,-1,Northwest Brooklyn,Brooklyn
218,Gallatin Pl & Livingston St,40.69028437,-73.98707105,2015-06-23,15,15,0,Northwest Brooklyn,Brooklyn
218,Gallatin Pl & Livingston St,40.69028437,-73.98707105,2015-09-26,26,16,-10,Northwest Brooklyn,Brooklyn
218,Gallatin Pl & Livingston St,40.69028437,-73.98707105,2015-07-07,17,20,3,Northwest Brooklyn,Brooklyn
218,Gallatin Pl & Livingston St,40.69028437,-73.98707105,2015-11-05,13,10,-3,Northwest Brooklyn,Brooklyn
218,Gallatin Pl & Livingston St,40.69028437,-73.98707105,2015-06-07,13,18,5,Northwest Brooklyn,Brooklyn
218,Gallatin Pl & Livingston St,40.69028437,-73.98707105,2015-04-09,9,7,-2,Northwest Brooklyn,Brooklyn
218,Gallatin Pl & Livingston St,40.69028437,-73.98707105,2014-10-14,15,19,4,Northwest Brooklyn,Brooklyn
218,Gallatin Pl & Livingston St,40.69028437,-73.98707105,2015-04-16,20,19,-1,Northwest Brooklyn,Brooklyn
218,Gallatin Pl & Livingston St,40.69028437,-73.98707105,2014-07-15,20,9,-11,Northwest Brooklyn,Brooklyn
218,Gallatin Pl & Livingston St,40.69028437,-73.98707105,2014-03-20,10,8,-2,Northwest Brooklyn,Brooklyn
218,Gallatin Pl & Livingston St,40.69028437,-73.98707105,2015-08-10,15,30,15,Northwest Brooklyn,Brooklyn
218,Gallatin Pl & Livingston St,40.69028437,-73.98707105,2015-09-06,20,42,22,Northwest Brooklyn,Brooklyn
218,Gallatin Pl & Livingston St,40.69028437,-73.98707105,2015-07-16,17,15,-2,Northwest Brooklyn,Brooklyn
218,Gallatin Pl & Livingston St,40.69028437,-73.98707105,2015-09-23,23,31,8,Northwest Brooklyn,Brooklyn
218,Gallatin Pl & Livingston St,40.69028437,-73.98707105,2014-01-01,10,2,-8,Northwest Brooklyn,Brooklyn
218,Gallatin Pl & Livingston St,40.69028437,-73.98707105,2014-08-16,14,12,-2,Northwest Brooklyn,Brooklyn
218,Gallatin Pl & Livingston St,40.69028437,-73.98707105,2015-12-14,15,11,-4,Northwest Brooklyn,Brooklyn
218,Gallatin Pl & Livingston St,40.69028437,-73.98707105,2014-06-04,28,27,-1,Northwest Brooklyn,Brooklyn
218,Gallatin Pl & Livingston St,40.69028437,-73.98707105,2014-11-09,9,8,-1,Northwest Brooklyn,Brooklyn
218,Gallatin Pl & Livingston St,40.69028437,-73.98707105,2014-03-21,10,10,0,Northwest Brooklyn,Brooklyn
218,Gallatin Pl & Livingston St,40.69028437,-73.98707105,2014-08-23,21,15,-6,Northwest Brooklyn,Brooklyn
3080,S 4 St & Rodney St,40.70934,-73.95608,2015-10-29,16,12,-4,Greenpoint,Brooklyn
3080,S 4 St & Rodney St,40.70934,-73.95608,2015-10-28,8,8,0,Greenpoint,Brooklyn
3080,S 4 St & Rodney St,40.70934,-73.95608,2015-10-17,14,13,-1,Greenpoint,Brooklyn
3080,S 4 St & Rodney St,40.70934,-73.95608,2015-10-10,17,13,-4,Greenpoint,Brooklyn
3080,S 4 St & Rodney St,40.70934,-73.95608,2015-10-11,14,11,-3,Greenpoint,Brooklyn
3080,S 4 St & Rodney St,40.70934,-73.95608,2015-11-05,13,16,3,Greenpoint,Brooklyn
3080,S 4 St & Rodney St,40.70934,-73.95608,2015-12-09,9,9,0,Greenpoint,Brooklyn
3080,S 4 St & Rodney St,40.70934,-73.95608,2015-11-23,11,12,1,Greenpoint,Brooklyn
242,Carlton Ave & Flushing Ave,40.697787,-73.973736,2015-12-11,34,27,-7,Northwest Brooklyn,Brooklyn
242,Carlton Ave & Flushing Ave,40.697787,-73.973736,2015-09-19,32,27,-5,Northwest Brooklyn,Brooklyn
242,Carlton Ave & Flushing Ave,40.697787,-73.973736,2015-10-10,22,21,-1,Northwest Brooklyn,Brooklyn
242,Carlton Ave & Flushing Ave,40.697787,-73.973736,2015-08-08,32,28,-4,Northwest Brooklyn,Brooklyn
242,Carlton Ave & Flushing Ave,40.697787,-73.973736,2015-09-11,24,25,1,Northwest Brooklyn,Brooklyn
242,Carlton Ave & Flushing Ave,40.697787,-73.973736,2015-10-23,35,32,-3,Northwest Brooklyn,Brooklyn
242,Carlton Ave & Flushing Ave,40.697787,-73.973736,2015-08-29,23,23,0,Northwest Brooklyn,Brooklyn
3129,Queens Plaza North & Crescent St,40.75110165,-73.94073717,2015-08-24,41,41,0,Northwest Queens,Queens
3129,Queens Plaza North & Crescent St,40.75110165,-73.94073717,2015-10-04,44,48,4,Northwest Queens,Queens
3129,Queens Plaza North & Crescent St,40.75110165,-73.94073717,2015-09-01,46,41,-5,Northwest Queens,Queens
3129,Queens Plaza North & Crescent St,40.75110165,-73.94073717,2015-10-21,52,53,1,Northwest Queens,Queens
3129,Queens Plaza North & Crescent St,40.75110165,-73.94073717,2015-11-24,23,29,6,Northwest Queens,Queens
3129,Queens Plaza North & Crescent St,40.75110165,-73.94073717,2015-12-27,16,20,4,Northwest Queens,Queens
3129,Queens Plaza North & Crescent St,40.75110165,-73.94073717,2015-11-23,19,27,8,Northwest Queens,Queens
500,Broadway & W 51 St,40.76228826,-73.98336183,2015-09-19,41,40,-1,Chelsea and Clinton,Manhattan
500,Broadway & W 51 St,40.76228826,-73.98336183,2014-10-20,134,84,-50,Chelsea and Clinton,Manhattan
500,Broadway & W 51 St,40.76228826,-73.98336183,2014-07-17,141,102,-39,Chelsea and Clinton,Manhattan
500,Broadway & W 51 St,40.76228826,-73.98336183,2015-06-04,209,169,-40,Chelsea and Clinton,Manhattan
500,Broadway & W 51 St,40.76228826,-73.98336183,2014-05-04,59,42,-17,Chelsea and Clinton,Manhattan
500,Broadway & W 51 St,40.76228826,-73.98336183,2015-09-08,127,126,-1,Chelsea and Clinton,Manhattan
500,Broadway & W 51 St,40.76228826,-73.98336183,2015-06-25,120,125,5,Chelsea and Clinton,Manhattan
500,Broadway & W 51 St,40.76228826,-73.98336183,2015-05-01,129,97,-32,Chelsea and Clinton,Manhattan
500,Broadway & W 51 St,40.76228826,-73.98336183,2015-08-17,108,128,20,Chelsea and Clinton,Manhattan
500,Broadway & W 51 St,40.76228826,-73.98336183,2015-05-29,237,164,-73,Chelsea and Clinton,Manhattan
500,Broadway & W 51 St,40.76228826,-73.98336183,2015-09-24,175,139,-36,Chelsea and Clinton,Manhattan
500,Broadway & W 51 St,40.76228826,-73.98336183,2015-07-17,159,117,-42,Chelsea and Clinton,Manhattan
500,Broadway & W 51 St,40.76228826,-73.98336183,2014-02-28,48,39,-9,Chelsea and Clinton,Manhattan
500,Broadway & W 51 St,40.76228826,-73.98336183,2014-11-12,95,63,-32,Chelsea and Clinton,Manhattan
500,Broadway & W 51 St,40.76228826,-73.98336183,2014-11-07,105,97,-8,Chelsea and Clinton,Manhattan
500,Broadway & W 51 St,40.76228826,-73.98336183,2015-09-05,62,38,-24,Chelsea and Clinton,Manhattan
500,Broadway & W 51 St,40.76228826,-73.98336183,2014-06-26,122,100,-22,Chelsea and Clinton,Manhattan
500,Broadway & W 51 St,40.76228826,-73.98336183,2015-09-11,131,133,2,Chelsea and Clinton,Manhattan
500,Broadway & W 51 St,40.76228826,-73.98336183,2014-09-29,146,72,-74,Chelsea and Clinton,Manhattan
500,Broadway & W 51 St,40.76228826,-73.98336183,2015-02-17,28,14,-14,Chelsea and Clinton,Manhattan
500,Broadway & W 51 St,40.76228826,-73.98336183,2015-03-23,68,48,-20,Chelsea and Clinton,Manhattan
500,Broadway & W 51 St,40.76228826,-73.98336183,2014-11-18,88,55,-33,Chelsea and Clinton,Manhattan
500,Broadway & W 51 St,40.76228826,-73.98336183,2014-08-24,24,27,3,Chelsea and Clinton,Manhattan
500,Broadway & W 51 St,40.76228826,-73.98336183,2014-09-12,124,125,1,Chelsea and Clinton,Manhattan
500,Broadway & W 51 St,40.76228826,-73.98336183,2014-05-31,52,31,-21,Chelsea and Clinton,Manhattan
500,Broadway & W 51 St,40.76228826,-73.98336183,2014-07-18,131,87,-44,Chelsea and Clinton,Manhattan
500,Broadway & W 51 St,40.76228826,-73.98336183,2014-09-03,140,106,-34,Chelsea and Clinton,Manhattan
500,Broadway & W 51 St,40.76228826,-73.98336183,2015-06-11,250,170,-80,Chelsea and Clinton,Manhattan
500,Broadway & W 51 St,40.76228826,-73.98336183,2015-05-05,115,115,0,Chelsea and Clinton,Manhattan
500,Broadway & W 51 St,40.76228826,-73.98336183,2014-10-15,129,103,-26,Chelsea and Clinton,Manhattan
500,Broadway & W 51 St,40.76228826,-73.98336183,2014-12-17,69,59,-10,Chelsea and Clinton,Manhattan
500,Broadway & W 51 St,40.76228826,-73.98336183,2015-10-15,164,124,-40,Chelsea and Clinton,Manhattan
500,Broadway & W 51 St,40.76228826,-73.98336183,2014-03-31,71,39,-32,Chelsea and Clinton,Manhattan
500,Broadway & W 51 St,40.76228826,-73.98336183,2015-09-26,65,63,-2,Chelsea and Clinton,Manhattan
500,Broadway & W 51 St,40.76228826,-73.98336183,2014-04-11,98,84,-14,Chelsea and Clinton,Manhattan
500,Broadway & W 51 St,40.76228826,-73.98336183,2014-07-21,125,97,-28,Chelsea and Clinton,Manhattan
500,Broadway & W 51 St,40.76228826,-73.98336183,2014-10-28,126,75,-51,Chelsea and Clinton,Manhattan
500,Broadway & W 51 St,40.76228826,-73.98336183,2014-11-03,117,63,-54,Chelsea and Clinton,Manhattan
500,Broadway & W 51 St,40.76228826,-73.98336183,2014-07-15,103,65,-38,Chelsea and Clinton,Manhattan
500,Broadway & W 51 St,40.76228826,-73.98336183,2015-08-31,127,124,-3,Chelsea and Clinton,Manhattan
500,Broadway & W 51 St,40.76228826,-73.98336183,2014-09-04,102,93,-9,Chelsea and Clinton,Manhattan
500,Broadway & W 51 St,40.76228826,-73.98336183,2014-08-21,142,81,-61,Chelsea and Clinton,Manhattan
500,Broadway & W 51 St,40.76228826,-73.98336183,2015-04-18,27,20,-7,Chelsea and Clinton,Manhattan
500,Broadway & W 51 St,40.76228826,-73.98336183,2015-10-10,96,89,-7,Chelsea and Clinton,Manhattan
500,Broadway & W 51 St,40.76228826,-73.98336183,2015-05-28,180,125,-55,Chelsea and Clinton,Manhattan
500,Broadway & W 51 St,40.76228826,-73.98336183,2014-12-08,79,52,-27,Chelsea and Clinton,Manhattan
500,Broadway & W 51 St,40.76228826,-73.98336183,2015-06-06,59,68,9,Chelsea and Clinton,Manhattan
500,Broadway & W 51 St,40.76228826,-73.98336183,2014-11-08,7,11,4,Chelsea and Clinton,Manhattan
500,Broadway & W 51 St,40.76228826,-73.98336183,2014-04-01,106,84,-22,Chelsea and Clinton,Manhattan
500,Broadway & W 51 St,40.76228826,-73.98336183,2015-12-09,123,123,0,Chelsea and Clinton,Manhattan
500,Broadway & W 51 St,40.76228826,-73.98336183,2015-09-09,129,108,-21,Chelsea and Clinton,Manhattan
500,Broadway & W 51 St,40.76228826,-73.98336183,2014-06-12,67,78,11,Chelsea and Clinton,Manhattan
500,Broadway & W 51 St,40.76228826,-73.98336183,2015-09-02,154,116,-38,Chelsea and Clinton,Manhattan
500,Broadway & W 51 St,40.76228826,-73.98336183,2014-05-23,97,60,-37,Chelsea and Clinton,Manhattan
500,Broadway & W 51 St,40.76228826,-73.98336183,2015-06-18,157,124,-33,Chelsea and Clinton,Manhattan
500,Broadway & W 51 St,40.76228826,-73.98336183,2014-06-18,82,80,-2,Chelsea and Clinton,Manhattan
500,Broadway & W 51 St,40.76228826,-73.98336183,2014-06-23,128,88,-40,Chelsea and Clinton,Manhattan
500,Broadway & W 51 St,40.76228826,-73.98336183,2015-12-06,33,38,5,Chelsea and Clinton,Manhattan
500,Broadway & W 51 St,40.76228826,-73.98336183,2015-02-11,55,51,-4,Chelsea and Clinton,Manhattan
500,Broadway & W 51 St,40.76228826,-73.98336183,2015-11-05,148,150,2,Chelsea and Clinton,Manhattan
500,Broadway & W 51 St,40.76228826,-73.98336183,2015-08-09,69,62,-7,Chelsea and Clinton,Manhattan
500,Broadway & W 51 St,40.76228826,-73.98336183,2015-06-12,140,141,1,Chelsea and Clinton,Manhattan
500,Broadway & W 51 St,40.76228826,-73.98336183,2014-06-08,31,25,-6,Chelsea and Clinton,Manhattan
500,Broadway & W 51 St,40.76228826,-73.98336183,2014-11-19,74,54,-20,Chelsea and Clinton,Manhattan
500,Broadway & W 51 St,40.76228826,-73.98336183,2014-01-28,48,48,0,Chelsea and Clinton,Manhattan
500,Broadway & W 51 St,40.76228826,-73.98336183,2015-11-18,133,132,-1,Chelsea and Clinton,Manhattan
500,Broadway & W 51 St,40.76228826,-73.98336183,2015-08-18,103,104,1,Chelsea and Clinton,Manhattan
500,Broadway & W 51 St,40.76228826,-73.98336183,2014-10-01,83,72,-11,Chelsea and Clinton,Manhattan
500,Broadway & W 51 St,40.76228826,-73.98336183,2015-11-04,146,146,0,Chelsea and Clinton,Manhattan
500,Broadway & W 51 St,40.76228826,-73.98336183,2014-03-18,111,75,-36,Chelsea and Clinton,Manhattan
500,Broadway & W 51 St,40.76228826,-73.98336183,2014-05-09,69,69,0,Chelsea and Clinton,Manhattan
500,Broadway & W 51 St,40.76228826,-73.98336183,2014-05-30,113,108,-5,Chelsea and Clinton,Manhattan
500,Broadway & W 51 St,40.76228826,-73.98336183,2015-07-08,118,116,-2,Chelsea and Clinton,Manhattan
500,Broadway & W 51 St,40.76228826,-73.98336183,2015-02-04,41,27,-14,Chelsea and Clinton,Manhattan
500,Broadway & W 51 St,40.76228826,-73.98336183,2015-03-27,41,32,-9,Chelsea and Clinton,Manhattan
500,Broadway & W 51 St,40.76228826,-73.98336183,2015-04-29,129,114,-15,Chelsea and Clinton,Manhattan
500,Broadway & W 51 St,40.76228826,-73.98336183,2015-01-21,77,49,-28,Chelsea and Clinton,Manhattan
500,Broadway & W 51 St,40.76228826,-73.98336183,2014-12-15,72,71,-1,Chelsea and Clinton,Manhattan
500,Broadway & W 51 St,40.76228826,-73.98336183,2014-10-04,9,3,-6,Chelsea and Clinton,Manhattan
500,Broadway & W 51 St,40.76228826,-73.98336183,2014-10-17,113,95,-18,Chelsea and Clinton,Manhattan
500,Broadway & W 51 St,40.76228826,-73.98336183,2015-07-20,119,115,-4,Chelsea and Clinton,Manhattan
500,Broadway & W 51 St,40.76228826,-73.98336183,2015-08-27,138,138,0,Chelsea and Clinton,Manhattan
500,Broadway & W 51 St,40.76228826,-73.98336183,2014-08-07,162,113,-49,Chelsea and Clinton,Manhattan
500,Broadway & W 51 St,40.76228826,-73.98336183,2014-10-08,139,110,-29,Chelsea and Clinton,Manhattan
500,Broadway & W 51 St,40.76228826,-73.98336183,2015-04-30,86,42,-44,Chelsea and Clinton,Manhattan
500,Broadway & W 51 St,40.76228826,-73.98336183,2015-05-20,203,127,-76,Chelsea and Clinton,Manhattan
500,Broadway & W 51 St,40.76228826,-73.98336183,2014-10-22,28,29,1,Chelsea and Clinton,Manhattan
500,Broadway & W 51 St,40.76228826,-73.98336183,2015-04-12,39,28,-11,Chelsea and Clinton,Manhattan
500,Broadway & W 51 St,40.76228826,-73.98336183,2015-09-14,139,136,-3,Chelsea and Clinton,Manhattan
500,Broadway & W 51 St,40.76228826,-73.98336183,2015-07-19,60,40,-20,Chelsea and Clinton,Manhattan
500,Broadway & W 51 St,40.76228826,-73.98336183,2015-12-02,80,77,-3,Chelsea and Clinton,Manhattan
500,Broadway & W 51 St,40.76228826,-73.98336183,2015-09-10,69,51,-18,Chelsea and Clinton,Manhattan
500,Broadway & W 51 St,40.76228826,-73.98336183,2014-04-06,44,36,-8,Chelsea and Clinton,Manhattan
500,Broadway & W 51 St,40.76228826,-73.98336183,2014-11-30,20,12,-8,Chelsea and Clinton,Manhattan
500,Broadway & W 51 St,40.76228826,-73.98336183,2015-10-22,179,109,-70,Chelsea and Clinton,Manhattan
3046,Marcus Garvey Blvd & Macon St,40.682601,-73.938037,2015-12-22,4,8,4,Central Brooklyn,Brooklyn
3046,Marcus Garvey Blvd & Macon St,40.682601,-73.938037,2015-09-11,4,9,5,Central Brooklyn,Brooklyn
3134,3 Ave & E 62 St,40.76312584,-73.96526895,2015-12-16,42,41,-1,Upper East Side,Manhattan
3134,3 Ave & E 62 St,40.76312584,-73.96526895,2015-10-20,76,65,-11,Upper East Side,Manhattan
3134,3 Ave & E 62 St,40.76312584,-73.96526895,2015-10-26,60,40,-20,Upper East Side,Manhattan
3134,3 Ave & E 62 St,40.76312584,-73.96526895,2015-12-15,46,47,1,Upper East Side,Manhattan
3134,3 Ave & E 62 St,40.76312584,-73.96526895,2015-10-21,97,70,-27,Upper East Side,Manhattan
3134,3 Ave & E 62 St,40.76312584,-73.96526895,2015-12-08,47,47,0,Upper East Side,Manhattan
3134,3 Ave & E 62 St,40.76312584,-73.96526895,2015-12-11,58,61,3,Upper East Side,Manhattan
3134,3 Ave & E 62 St,40.76312584,-73.96526895,2015-12-24,49,39,-10,Upper East Side,Manhattan
3134,3 Ave & E 62 St,40.76312584,-73.96526895,2015-09-04,36,18,-18,Upper East Side,Manhattan
3134,3 Ave & E 62 St,40.76312584,-73.96526895,2015-11-11,79,67,-12,Upper East Side,Manhattan
3134,3 Ave & E 62 St,40.76312584,-73.96526895,2015-09-14,65,47,-18,Upper East Side,Manhattan
3134,3 Ave & E 62 St,40.76312584,-73.96526895,2015-11-23,61,42,-19,Upper East Side,Manhattan
3134,3 Ave & E 62 St,40.76312584,-73.96526895,2015-11-24,38,40,2,Upper East Side,Manhattan
3134,3 Ave & E 62 St,40.76312584,-73.96526895,2015-12-21,58,53,-5,Upper East Side,Manhattan
3134,3 Ave & E 62 St,40.76312584,-73.96526895,2015-12-18,39,40,1,Upper East Side,Manhattan
494,W 26 St & 8 Ave,40.74734825,-73.99723551,2014-05-05,132,118,-14,Chelsea and Clinton,Manhattan
494,W 26 St & 8 Ave,40.74734825,-73.99723551,2015-06-21,129,136,7,Chelsea and Clinton,Manhattan
494,W 26 St & 8 Ave,40.74734825,-73.99723551,2014-05-12,169,165,-4,Chelsea and Clinton,Manhattan
494,W 26 St & 8 Ave,40.74734825,-73.99723551,2015-12-22,121,124,3,Chelsea and Clinton,Manhattan
494,W 26 St & 8 Ave,40.74734825,-73.99723551,2014-02-22,54,67,13,Chelsea and Clinton,Manhattan
494,W 26 St & 8 Ave,40.74734825,-73.99723551,2015-09-20,159,153,-6,Chelsea and Clinton,Manhattan
494,W 26 St & 8 Ave,40.74734825,-73.99723551,2015-12-29,64,68,4,Chelsea and Clinton,Manhattan
494,W 26 St & 8 Ave,40.74734825,-73.99723551,2014-07-07,135,131,-4,Chelsea and Clinton,Manhattan
494,W 26 St & 8 Ave,40.74734825,-73.99723551,2015-06-20,125,108,-17,Chelsea and Clinton,Manhattan
494,W 26 St & 8 Ave,40.74734825,-73.99723551,2014-07-18,153,153,0,Chelsea and Clinton,Manhattan
494,W 26 St & 8 Ave,40.74734825,-73.99723551,2015-08-22,142,133,-9,Chelsea and Clinton,Manhattan
494,W 26 St & 8 Ave,40.74734825,-73.99723551,2014-11-03,127,137,10,Chelsea and Clinton,Manhattan
494,W 26 St & 8 Ave,40.74734825,-73.99723551,2014-08-02,110,107,-3,Chelsea and Clinton,Manhattan
494,W 26 St & 8 Ave,40.74734825,-73.99723551,2015-03-24,89,94,5,Chelsea and Clinton,Manhattan
494,W 26 St & 8 Ave,40.74734825,-73.99723551,2015-03-25,81,79,-2,Chelsea and Clinton,Manhattan
494,W 26 St & 8 Ave,40.74734825,-73.99723551,2014-06-18,164,167,3,Chelsea and Clinton,Manhattan
494,W 26 St & 8 Ave,40.74734825,-73.99723551,2015-12-06,115,113,-2,Chelsea and Clinton,Manhattan
494,W 26 St & 8 Ave,40.74734825,-73.99723551,2015-09-03,176,178,2,Chelsea and Clinton,Manhattan
494,W 26 St & 8 Ave,40.74734825,-73.99723551,2015-09-18,227,222,-5,Chelsea and Clinton,Manhattan
494,W 26 St & 8 Ave,40.74734825,-73.99723551,2015-10-28,101,95,-6,Chelsea and Clinton,Manhattan
494,W 26 St & 8 Ave,40.74734825,-73.99723551,2015-03-17,78,96,18,Chelsea and Clinton,Manhattan
494,W 26 St & 8 Ave,40.74734825,-73.99723551,2015-12-10,225,206,-19,Chelsea and Clinton,Manhattan
494,W 26 St & 8 Ave,40.74734825,-73.99723551,2015-03-18,84,86,2,Chelsea and Clinton,Manhattan
494,W 26 St & 8 Ave,40.74734825,-73.99723551,2014-11-27,22,31,9,Chelsea and Clinton,Manhattan
494,W 26 St & 8 Ave,40.74734825,-73.99723551,2014-10-14,162,167,5,Chelsea and Clinton,Manhattan
494,W 26 St & 8 Ave,40.74734825,-73.99723551,2014-05-31,111,118,7,Chelsea and Clinton,Manhattan
494,W 26 St & 8 Ave,40.74734825,-73.99723551,2015-09-09,204,216,12,Chelsea and Clinton,Manhattan
494,W 26 St & 8 Ave,40.74734825,-73.99723551,2015-10-13,209,234,25,Chelsea and Clinton,Manhattan
494,W 26 St & 8 Ave,40.74734825,-73.99723551,2014-01-17,106,72,-34,Chelsea and Clinton,Manhattan
494,W 26 St & 8 Ave,40.74734825,-73.99723551,2014-12-02,83,80,-3,Chelsea and Clinton,Manhattan
494,W 26 St & 8 Ave,40.74734825,-73.99723551,2014-09-05,164,163,-1,Chelsea and Clinton,Manhattan
494,W 26 St & 8 Ave,40.74734825,-73.99723551,2014-06-25,165,173,8,Chelsea and Clinton,Manhattan
494,W 26 St & 8 Ave,40.74734825,-73.99723551,2014-10-31,151,160,9,Chelsea and Clinton,Manhattan
494,W 26 St & 8 Ave,40.74734825,-73.99723551,2014-04-04,65,63,-2,Chelsea and Clinton,Manhattan
494,W 26 St & 8 Ave,40.74734825,-73.99723551,2014-04-06,91,88,-3,Chelsea and Clinton,Manhattan
494,W 26 St & 8 Ave,40.74734825,-73.99723551,2014-06-06,160,169,9,Chelsea and Clinton,Manhattan
494,W 26 St & 8 Ave,40.74734825,-73.99723551,2015-01-07,59,70,11,Chelsea and Clinton,Manhattan
494,W 26 St & 8 Ave,40.74734825,-73.99723551,2015-07-14,183,193,10,Chelsea and Clinton,Manhattan
494,W 26 St & 8 Ave,40.74734825,-73.99723551,2015-05-19,192,193,1,Chelsea and Clinton,Manhattan
494,W 26 St & 8 Ave,40.74734825,-73.99723551,2014-07-12,111,112,1,Chelsea and Clinton,Manhattan
494,W 26 St & 8 Ave,40.74734825,-73.99723551,2014-08-24,111,99,-12,Chelsea and Clinton,Manhattan
494,W 26 St & 8 Ave,40.74734825,-73.99723551,2015-10-22,218,229,11,Chelsea and Clinton,Manhattan
494,W 26 St & 8 Ave,40.74734825,-73.99723551,2014-12-11,111,103,-8,Chelsea and Clinton,Manhattan
494,W 26 St & 8 Ave,40.74734825,-73.99723551,2014-07-28,138,137,-1,Chelsea and Clinton,Manhattan
494,W 26 St & 8 Ave,40.74734825,-73.99723551,2014-08-21,135,130,-5,Chelsea and Clinton,Manhattan
494,W 26 St & 8 Ave,40.74734825,-73.99723551,2015-10-09,166,165,-1,Chelsea and Clinton,Manhattan
494,W 26 St & 8 Ave,40.74734825,-73.99723551,2015-12-16,174,172,-2,Chelsea and Clinton,Manhattan
494,W 26 St & 8 Ave,40.74734825,-73.99723551,2015-04-18,86,101,15,Chelsea and Clinton,Manhattan
494,W 26 St & 8 Ave,40.74734825,-73.99723551,2015-02-25,47,53,6,Chelsea and Clinton,Manhattan
494,W 26 St & 8 Ave,40.74734825,-73.99723551,2015-04-06,110,119,9,Chelsea and Clinton,Manhattan
494,W 26 St & 8 Ave,40.74734825,-73.99723551,2014-11-15,71,70,-1,Chelsea and Clinton,Manhattan
494,W 26 St & 8 Ave,40.74734825,-73.99723551,2014-11-14,85,99,14,Chelsea and Clinton,Manhattan
494,W 26 St & 8 Ave,40.74734825,-73.99723551,2015-02-04,45,43,-2,Chelsea and Clinton,Manhattan
494,W 26 St & 8 Ave,40.74734825,-73.99723551,2015-08-19,192,188,-4,Chelsea and Clinton,Manhattan
494,W 26 St & 8 Ave,40.74734825,-73.99723551,2014-09-14,75,85,10,Chelsea and Clinton,Manhattan
494,W 26 St & 8 Ave,40.74734825,-73.99723551,2015-05-07,146,148,2,Chelsea and Clinton,Manhattan
494,W 26 St & 8 Ave,40.74734825,-73.99723551,2014-05-06,153,161,8,Chelsea and Clinton,Manhattan
494,W 26 St & 8 Ave,40.74734825,-73.99723551,2014-03-09,47,49,2,Chelsea and Clinton,Manhattan
494,W 26 St & 8 Ave,40.74734825,-73.99723551,2014-08-12,121,106,-15,Chelsea and Clinton,Manhattan
494,W 26 St & 8 Ave,40.74734825,-73.99723551,2015-11-23,143,159,16,Chelsea and Clinton,Manhattan
494,W 26 St & 8 Ave,40.74734825,-73.99723551,2014-05-30,169,163,-6,Chelsea and Clinton,Manhattan
494,W 26 St & 8 Ave,40.74734825,-73.99723551,2014-02-26,54,43,-11,Chelsea and Clinton,Manhattan
494,W 26 St & 8 Ave,40.74734825,-73.99723551,2014-08-05,161,164,3,Chelsea and Clinton,Manhattan
494,W 26 St & 8 Ave,40.74734825,-73.99723551,2015-12-12,139,145,6,Chelsea and Clinton,Manhattan
494,W 26 St & 8 Ave,40.74734825,-73.99723551,2014-06-23,144,132,-12,Chelsea and Clinton,Manhattan
494,W 26 St & 8 Ave,40.74734825,-73.99723551,2015-11-07,144,132,-12,Chelsea and Clinton,Manhattan
494,W 26 St & 8 Ave,40.74734825,-73.99723551,2014-08-08,125,103,-22,Chelsea and Clinton,Manhattan
494,W 26 St & 8 Ave,40.74734825,-73.99723551,2015-06-07,150,140,-10,Chelsea and Clinton,Manhattan
494,W 26 St & 8 Ave,40.74734825,-73.99723551,2014-06-22,135,127,-8,Chelsea and Clinton,Manhattan
494,W 26 St & 8 Ave,40.74734825,-73.99723551,2014-07-14,116,106,-10,Chelsea and Clinton,Manhattan
494,W 26 St & 8 Ave,40.74734825,-73.99723551,2015-08-18,209,206,-3,Chelsea and Clinton,Manhattan
494,W 26 St & 8 Ave,40.74734825,-73.99723551,2014-04-12,119,119,0,Chelsea and Clinton,Manhattan
494,W 26 St & 8 Ave,40.74734825,-73.99723551,2014-05-02,143,142,-1,Chelsea and Clinton,Manhattan
494,W 26 St & 8 Ave,40.74734825,-73.99723551,2014-03-08,71,72,1,Chelsea and Clinton,Manhattan
494,W 26 St & 8 Ave,40.74734825,-73.99723551,2014-03-18,54,61,7,Chelsea and Clinton,Manhattan
494,W 26 St & 8 Ave,40.74734825,-73.99723551,2015-07-21,180,201,21,Chelsea and Clinton,Manhattan
494,W 26 St & 8 Ave,40.74734825,-73.99723551,2015-09-17,244,229,-15,Chelsea and Clinton,Manhattan
494,W 26 St & 8 Ave,40.74734825,-73.99723551,2015-12-04,163,168,5,Chelsea and Clinton,Manhattan
494,W 26 St & 8 Ave,40.74734825,-73.99723551,2014-06-09,91,91,0,Chelsea and Clinton,Manhattan
494,W 26 St & 8 Ave,40.74734825,-73.99723551,2015-09-23,212,206,-6,Chelsea and Clinton,Manhattan
494,W 26 St & 8 Ave,40.74734825,-73.99723551,2015-08-20,177,186,9,Chelsea and Clinton,Manhattan
494,W 26 St & 8 Ave,40.74734825,-73.99723551,2014-04-18,99,91,-8,Chelsea and Clinton,Manhattan
494,W 26 St & 8 Ave,40.74734825,-73.99723551,2014-10-09,154,167,13,Chelsea and Clinton,Manhattan
494,W 26 St & 8 Ave,40.74734825,-73.99723551,2015-08-08,135,124,-11,Chelsea and Clinton,Manhattan
494,W 26 St & 8 Ave,40.74734825,-73.99723551,2015-09-10,125,121,-4,Chelsea and Clinton,Manhattan
494,W 26 St & 8 Ave,40.74734825,-73.99723551,2014-07-19,106,108,2,Chelsea and Clinton,Manhattan
494,W 26 St & 8 Ave,40.74734825,-73.99723551,2015-01-16,72,70,-2,Chelsea and Clinton,Manhattan
494,W 26 St & 8 Ave,40.74734825,-73.99723551,2014-10-05,120,118,-2,Chelsea and Clinton,Manhattan
494,W 26 St & 8 Ave,40.74734825,-73.99723551,2015-06-30,196,211,15,Chelsea and Clinton,Manhattan
494,W 26 St & 8 Ave,40.74734825,-73.99723551,2014-08-29,129,132,3,Chelsea and Clinton,Manhattan
494,W 26 St & 8 Ave,40.74734825,-73.99723551,2015-08-25,182,184,2,Chelsea and Clinton,Manhattan
494,W 26 St & 8 Ave,40.74734825,-73.99723551,2015-03-21,51,63,12,Chelsea and Clinton,Manhattan
494,W 26 St & 8 Ave,40.74734825,-73.99723551,2015-08-21,194,201,7,Chelsea and Clinton,Manhattan
494,W 26 St & 8 Ave,40.74734825,-73.99723551,2015-11-30,155,153,-2,Chelsea and Clinton,Manhattan
494,W 26 St & 8 Ave,40.74734825,-73.99723551,2015-02-15,20,18,-2,Chelsea and Clinton,Manhattan
494,W 26 St & 8 Ave,40.74734825,-73.99723551,2014-07-15,139,150,11,Chelsea and Clinton,Manhattan
494,W 26 St & 8 Ave,40.74734825,-73.99723551,2015-02-28,34,43,9,Chelsea and Clinton,Manhattan
494,W 26 St & 8 Ave,40.74734825,-73.99723551,2015-03-15,51,53,2,Chelsea and Clinton,Manhattan
494,W 26 St & 8 Ave,40.74734825,-73.99723551,2014-05-09,116,113,-3,Chelsea and Clinton,Manhattan
494,W 26 St & 8 Ave,40.74734825,-73.99723551,2014-01-10,48,23,-25,Chelsea and Clinton,Manhattan
494,W 26 St & 8 Ave,40.74734825,-73.99723551,2015-11-17,186,181,-5,Chelsea and Clinton,Manhattan
494,W 26 St & 8 Ave,40.74734825,-73.99723551,2014-03-27,78,79,1,Chelsea and Clinton,Manhattan
494,W 26 St & 8 Ave,40.74734825,-73.99723551,2014-11-25,123,118,-5,Chelsea and Clinton,Manhattan
494,W 26 St & 8 Ave,40.74734825,-73.99723551,2014-09-15,149,147,-2,Chelsea and Clinton,Manhattan
494,W 26 St & 8 Ave,40.74734825,-73.99723551,2014-07-01,149,131,-18,Chelsea and Clinton,Manhattan
494,W 26 St & 8 Ave,40.74734825,-73.99723551,2014-09-02,143,144,1,Chelsea and Clinton,Manhattan
494,W 26 St & 8 Ave,40.74734825,-73.99723551,2015-04-25,85,89,4,Chelsea and Clinton,Manhattan
494,W 26 St & 8 Ave,40.74734825,-73.99723551,2015-03-16,111,102,-9,Chelsea and Clinton,Manhattan
494,W 26 St & 8 Ave,40.74734825,-73.99723551,2015-04-01,95,93,-2,Chelsea and Clinton,Manhattan
494,W 26 St & 8 Ave,40.74734825,-73.99723551,2015-03-23,57,78,21,Chelsea and Clinton,Manhattan
494,W 26 St & 8 Ave,40.74734825,-73.99723551,2014-02-19,43,42,-1,Chelsea and Clinton,Manhattan
494,W 26 St & 8 Ave,40.74734825,-73.99723551,2014-01-19,50,52,2,Chelsea and Clinton,Manhattan
494,W 26 St & 8 Ave,40.74734825,-73.99723551,2014-11-02,78,69,-9,Chelsea and Clinton,Manhattan
494,W 26 St & 8 Ave,40.74734825,-73.99723551,2015-07-12,158,147,-11,Chelsea and Clinton,Manhattan
494,W 26 St & 8 Ave,40.74734825,-73.99723551,2015-04-30,148,150,2,Chelsea and Clinton,Manhattan
494,W 26 St & 8 Ave,40.74734825,-73.99723551,2014-09-21,91,89,-2,Chelsea and Clinton,Manhattan
494,W 26 St & 8 Ave,40.74734825,-73.99723551,2015-05-22,138,132,-6,Chelsea and Clinton,Manhattan
494,W 26 St & 8 Ave,40.74734825,-73.99723551,2014-02-24,73,70,-3,Chelsea and Clinton,Manhattan
494,W 26 St & 8 Ave,40.74734825,-73.99723551,2014-12-28,40,52,12,Chelsea and Clinton,Manhattan
494,W 26 St & 8 Ave,40.74734825,-73.99723551,2015-05-11,174,175,1,Chelsea and Clinton,Manhattan
494,W 26 St & 8 Ave,40.74734825,-73.99723551,2014-06-11,163,163,0,Chelsea and Clinton,Manhattan
494,W 26 St & 8 Ave,40.74734825,-73.99723551,2014-05-07,155,162,7,Chelsea and Clinton,Manhattan
494,W 26 St & 8 Ave,40.74734825,-73.99723551,2014-02-20,49,50,1,Chelsea and Clinton,Manhattan
494,W 26 St & 8 Ave,40.74734825,-73.99723551,2014-06-27,175,157,-18,Chelsea and Clinton,Manhattan
494,W 26 St & 8 Ave,40.74734825,-73.99723551,2015-03-11,96,112,16,Chelsea and Clinton,Manhattan
494,W 26 St & 8 Ave,40.74734825,-73.99723551,2014-09-18,149,160,11,Chelsea and Clinton,Manhattan
494,W 26 St & 8 Ave,40.74734825,-73.99723551,2014-11-10,155,141,-14,Chelsea and Clinton,Manhattan
494,W 26 St & 8 Ave,40.74734825,-73.99723551,2015-02-06,52,44,-8,Chelsea and Clinton,Manhattan
494,W 26 St & 8 Ave,40.74734825,-73.99723551,2014-04-08,87,81,-6,Chelsea and Clinton,Manhattan
357,E 11 St & Broadway,40.73261787,-73.99158043,2015-07-14,107,114,7,Lower East Side,Manhattan
357,E 11 St & Broadway,40.73261787,-73.99158043,2014-08-04,101,95,-6,Lower East Side,Manhattan
357,E 11 St & Broadway,40.73261787,-73.99158043,2015-05-16,56,57,1,Lower East Side,Manhattan
357,E 11 St & Broadway,40.73261787,-73.99158043,2015-09-25,136,141,5,Lower East Side,Manhattan
357,E 11 St & Broadway,40.73261787,-73.99158043,2015-05-13,89,90,1,Lower East Side,Manhattan
357,E 11 St & Broadway,40.73261787,-73.99158043,2014-10-05,82,85,3,Lower East Side,Manhattan
357,E 11 St & Broadway,40.73261787,-73.99158043,2015-04-19,48,51,3,Lower East Side,Manhattan
357,E 11 St & Broadway,40.73261787,-73.99158043,2014-10-20,94,99,5,Lower East Side,Manhattan
357,E 11 St & Broadway,40.73261787,-73.99158043,2015-07-22,120,117,-3,Lower East Side,Manhattan
357,E 11 St & Broadway,40.73261787,-73.99158043,2014-03-11,93,83,-10,Lower East Side,Manhattan
357,E 11 St & Broadway,40.73261787,-73.99158043,2015-02-25,26,26,0,Lower East Side,Manhattan
357,E 11 St & Broadway,40.73261787,-73.99158043,2014-11-10,96,89,-7,Lower East Side,Manhattan
357,E 11 St & Broadway,40.73261787,-73.99158043,2014-05-27,103,97,-6,Lower East Side,Manhattan
357,E 11 St & Broadway,40.73261787,-73.99158043,2014-09-24,103,104,1,Lower East Side,Manhattan
357,E 11 St & Broadway,40.73261787,-73.99158043,2014-06-21,68,68,0,Lower East Side,Manhattan
357,E 11 St & Broadway,40.73261787,-73.99158043,2015-09-24,148,148,0,Lower East Side,Manhattan
357,E 11 St & Broadway,40.73261787,-73.99158043,2014-06-02,95,102,7,Lower East Side,Manhattan
357,E 11 St & Broadway,40.73261787,-73.99158043,2015-06-27,31,36,5,Lower East Side,Manhattan
357,E 11 St & Broadway,40.73261787,-73.99158043,2014-07-19,73,72,-1,Lower East Side,Manhattan
357,E 11 St & Broadway,40.73261787,-73.99158043,2014-09-30,122,130,8,Lower East Side,Manhattan
357,E 11 St & Broadway,40.73261787,-73.99158043,2014-10-07,80,85,5,Lower East Side,Manhattan
357,E 11 St & Broadway,40.73261787,-73.99158043,2014-06-12,93,101,8,Lower East Side,Manhattan
357,E 11 St & Broadway,40.73261787,-73.99158043,2014-05-06,110,108,-2,Lower East Side,Manhattan
357,E 11 St & Broadway,40.73261787,-73.99158043,2014-08-23,75,85,10,Lower East Side,Manhattan
357,E 11 St & Broadway,40.73261787,-73.99158043,2014-08-06,103,101,-2,Lower East Side,Manhattan
357,E 11 St & Broadway,40.73261787,-73.99158043,2015-05-25,40,38,-2,Lower East Side,Manhattan
357,E 11 St & Broadway,40.73261787,-73.99158043,2015-02-05,26,26,0,Lower East Side,Manhattan
357,E 11 St & Broadway,40.73261787,-73.99158043,2014-12-04,67,73,6,Lower East Side,Manhattan
357,E 11 St & Broadway,40.73261787,-73.99158043,2014-06-30,102,87,-15,Lower East Side,Manhattan
357,E 11 St & Broadway,40.73261787,-73.99158043,2014-11-20,80,80,0,Lower East Side,Manhattan
357,E 11 St & Broadway,40.73261787,-73.99158043,2014-02-19,24,25,1,Lower East Side,Manhattan
357,E 11 St & Broadway,40.73261787,-73.99158043,2015-03-29,20,17,-3,Lower East Side,Manhattan
357,E 11 St & Broadway,40.73261787,-73.99158043,2015-06-21,44,56,12,Lower East Side,Manhattan
357,E 11 St & Broadway,40.73261787,-73.99158043,2014-09-10,114,109,-5,Lower East Side,Manhattan
357,E 11 St & Broadway,40.73261787,-73.99158043,2015-07-29,118,119,1,Lower East Side,Manhattan
357,E 11 St & Broadway,40.73261787,-73.99158043,2015-11-03,130,125,-5,Lower East Side,Manhattan
357,E 11 St & Broadway,40.73261787,-73.99158043,2014-08-02,56,50,-6,Lower East Side,Manhattan
357,E 11 St & Broadway,40.73261787,-73.99158043,2014-06-28,67,77,10,Lower East Side,Manhattan
357,E 11 St & Broadway,40.73261787,-73.99158043,2014-11-17,20,22,2,Lower East Side,Manhattan
357,E 11 St & Broadway,40.73261787,-73.99158043,2014-03-25,54,54,0,Lower East Side,Manhattan
357,E 11 St & Broadway,40.73261787,-73.99158043,2015-04-07,48,59,11,Lower East Side,Manhattan
357,E 11 St & Broadway,40.73261787,-73.99158043,2015-04-06,80,79,-1,Lower East Side,Manhattan
357,E 11 St & Broadway,40.73261787,-73.99158043,2015-05-20,103,100,-3,Lower East Side,Manhattan
357,E 11 St & Broadway,40.73261787,-73.99158043,2015-12-27,20,17,-3,Lower East Side,Manhattan
357,E 11 St & Broadway,40.73261787,-73.99158043,2014-04-02,89,87,-2,Lower East Side,Manhattan
357,E 11 St & Broadway,40.73261787,-73.99158043,2015-07-10,93,102,9,Lower East Side,Manhattan
357,E 11 St & Broadway,40.73261787,-73.99158043,2014-08-01,84,84,0,Lower East Side,Manhattan
357,E 11 St & Broadway,40.73261787,-73.99158043,2015-04-16,76,81,5,Lower East Side,Manhattan
357,E 11 St & Broadway,40.73261787,-73.99158043,2014-08-20,93,85,-8,Lower East Side,Manhattan
357,E 11 St & Broadway,40.73261787,-73.99158043,2014-01-16,75,77,2,Lower East Side,Manhattan
357,E 11 St & Broadway,40.73261787,-73.99158043,2014-12-17,65,68,3,Lower East Side,Manhattan
357,E 11 St & Broadway,40.73261787,-73.99158043,2014-03-22,52,42,-10,Lower East Side,Manhattan
357,E 11 St & Broadway,40.73261787,-73.99158043,2015-07-17,112,116,4,Lower East Side,Manhattan
357,E 11 St & Broadway,40.73261787,-73.99158043,2015-12-18,86,66,-20,Lower East Side,Manhattan
357,E 11 St & Broadway,40.73261787,-73.99158043,2015-05-04,80,80,0,Lower East Side,Manhattan
357,E 11 St & Broadway,40.73261787,-73.99158043,2015-07-03,67,59,-8,Lower East Side,Manhattan